Id_Siniestro;Nro_Victimas;Fecha;Franja_Hora;Tipo_Calle;Comuna;Longitud;Latitud;Victima;Acusado;Rol;Sexo;Edad;Año;Mes;Semestre
2016-0001;1;1/01/2016;Madrugada;Avenida;8;-58,4753397;-34,68757022;Moto;Auto;Conductor;Masculino;19;2016;1;1
2016-0002;1;2/01/2016;Madrugada;Gral Paz;9;-58,5087752;-34,66977709;Auto;Pasajeros;Conductor;Masculino;70;2016;1;1
2016-0003;1;3/01/2016;Mañana;Avenida;1;-58,3904029;-34,63189362;Moto;Auto;Conductor;Masculino;30;2016;1;1
2016-0004;1;10/01/2016;Madrugada;Avenida;8;-58,465039;-34,68092974;Moto;NaN;Conductor;Masculino;18;2016;1;1
2016-0005;1;21/01/2016;Madrugada;Avenida;1;-58,387183;-34,6224663;Moto;Pasajeros;Conductor;Masculino;29;2016;1;1
2016-0008;1;24/01/2016;Noche;Avenida;8;-58,4445132;-34,68475866;Moto;Objeto Fijo;Conductor;Masculino;30;2016;1;1
2016-0009;1;24/01/2016;Noche;Calle;11;-58,5009587;-34,6082544;Moto;Auto;Pasajero_Acompañante;Masculino;29;2016;1;1
2016-0010;1;29/01/2016;Tarde;Gral Paz;9;-58,5087752;-34,66977709;Moto;Auto;Conductor;Masculino;18;2016;1;1
2016-0012;1;8/02/2016;Madrugada;Avenida;1;-58,3804858;-34,61303893;Moto;Cargas;Conductor;Masculino;22;2016;2;1
2016-0013;1;10/02/2016;Mañana;Avenida;1;-58,3911493;-34,62477387;Peaton;Auto;Peaton;Masculino;16;2016;2;1
2016-0015;1;14/02/2016;Madrugada;Avenida;15;-58,4376002;-34,59912758;Peaton;Auto;Peaton;Femenino;16;2016;2;1
2016-0016;1;14/02/2016;Noche;Avenida;4;-58,3688267;-34,64291993;Moto;Auto;Pasajero_Acompañante;Femenino;19;2016;2;1
2016-0017;1;15/02/2016;Tarde;Avenida;8;-58,4498967;-34,65970435;Peaton;Moto;Peaton;Masculino;59;2016;2;1
2016-0019;1;17/02/2016;Mañana;Calle;9;-58,5099088;-34,65468721;Peaton;Pasajeros;Peaton;Femenino;65;2016;2;1
2016-0020;1;17/02/2016;Tarde;Calle;1;-58,3795222;-34,60653282;Peaton;Auto;Peaton;Masculino;59;2016;2;1
2016-0021;1;17/02/2016;Noche;Avenida;7;-58,451577;-34,63063795;Auto;Auto;Conductor;Masculino;34;2016;2;1
2016-0022;1;21/02/2016;Mañana;Avenida;1;-58,381447;-34,61079875;Moto;Auto;Pasajero_Acompañante;Masculino;41;2016;2;1
2016-0025;1;28/02/2016;Madrugada;Gral Paz;8;-58,4624495;-34,70524971;Auto;Auto;Pasajero_Acompañante;Masculino;34;2016;2;1
2016-0026;1;28/02/2016;Mañana;Calle;12;-58,4921619;-34,54738649;Auto;Objeto Fijo;Conductor;Masculino;30;2016;2;1
2016-0027;1;28/02/2016;Mañana;Avenida;7;-58,4449787;-34,63852623;Auto;Auto;Pasajero_Acompañante;Masculino;34;2016;2;1
2016-0028;1;2/03/2016;Mañana;Avenida;1;-58,3819971;-34,60028648;Peaton;Cargas;Peaton;Masculino;50;2016;3;1
2016-0029;1;4/03/2016;Tarde;Avenida;12;-58,4737866;-34,54153077;Peaton;Pasajeros;Peaton;Masculino;38;2016;3;1
2016-0031;1;8/03/2016;Tarde;Gral Paz;8;-58,4706456;-34,69843756;Moto;Pasajeros;Conductor;Masculino;21;2016;3;1
2016-0034;1;12/03/2016;Tarde;Avenida;4;-58,4062395;-34,65076549;Peaton;Pasajeros;Peaton;Masculino;52;2016;3;1
2016-0035;1;13/03/2016;Mañana;Avenida;3;-58,3922897;-34,60443527;Moto;Pasajeros;Conductor;Masculino;34;2016;3;1
2016-0036;1;14/03/2016;Madrugada;Calle;4;-58,378134;-34,63668504;Moto;Pasajeros;Pasajero_Acompañante;Masculino;36;2016;3;1
2016-0037;1;19/03/2016;Mañana;Avenida;7;-58,4627589;-34,64358293;Moto;Moto;Conductor;Masculino;20;2016;3;1
2016-0038;1;21/03/2016;Mañana;Gral Paz;8;-58,4968346;-34,67892743;Peaton;Pasajeros;Peaton;Masculino;29;2016;3;1
2016-0039;1;23/03/2016;Madrugada;Avenida;3;-58,4060322;-34,6088396;Moto;Pasajeros;Conductor;Masculino;20;2016;3;1
2016-0041;2;29/03/2016;Mañana;Avenida;7;-58,4607655;-34,63350444;Moto;Cargas;Conductor;Masculino;54;2016;3;1
2016-0041;2;29/03/2016;Mañana;Avenida;7;-58,4607655;-34,63350444;Moto;Cargas;Pasajero_Acompañante;Masculino;;2016;3;1
2016-0043;1;30/03/2016;Noche;Avenida;8;-58,4783246;-34,67494416;Peaton;Cargas;Peaton;Femenino;56;2016;3;1
2016-0044;1;31/03/2016;Noche;Avenida;7;-58,4321324;-34,63693953;Moto;Multiple;Conductor;Masculino;24;2016;3;1
2016-0045;1;11/04/2016;Mañana;Gral Paz;13;-58,4674347;-34,53476874;Moto;NaN;Conductor;Masculino;;2016;4;1
2016-0047;1;15/04/2016;Madrugada;Calle;1;-58,3824706;-34,62571878;Peaton;Pasajeros;Peaton;Masculino;41;2016;4;1
2016-0048;1;15/04/2016;Tarde;Avenida;15;-58,4475997;-34,5917024;Peaton;Pasajeros;Peaton;Femenino;;2016;4;1
2016-0049;1;17/04/2016;Madrugada;Autopista;4;-58,3771;-34,0,6366;NaN;NaN;NaN;NaN;;2016;4;1
2016-0050;1;19/04/2016;Mañana;Avenida;8;-58,4730546;-34,68550712;Peaton;Pasajeros;NaN;Masculino;78;2016;4;1
2016-0051;1;20/04/2016;Madrugada;Avenida;4;-58,4062395;-34,65076549;Moto;Cargas;Conductor;Masculino;36;2016;4;1
2016-0052;1;20/04/2016;Noche;Autopista;13;-58,4577;-34,5516;Moto;NaN;NaN;NaN;;2016;4;1
2016-0053;1;22/04/2016;Mañana;Avenida;12;-58,4842918;-34,57558053;Peaton;Pasajeros;Peaton;Masculino;38;2016;4;1
2016-0054;1;23/04/2016;Noche;Autopista;8;-58,4869535;-34,68795245;Moto;Moto;Conductor;Masculino;30;2016;4;1
2016-0055;1;25/04/2016;Noche;Avenida;14;-58,4002196;-34,57964781;Peaton;Cargas;Peaton;Masculino;79;2016;4;1
2016-0056;1;26/04/2016;Madrugada;Avenida;14;-58,4295789;-34,57660058;Moto;Objeto Fijo;Conductor;Masculino;26;2016;4;1
2016-0058;1;4/05/2016;Tarde;Calle;1;-58,3824754;-34,62556293;Peaton;Moto;Peaton;Femenino;57;2016;5;1
2016-0059;1;8/05/2016;Tarde;Calle;1;-58,3822222;-34,62728101;Peaton;Pasajeros;Peaton;Masculino;37;2016;5;1
2016-0064;1;14/05/2016;Noche;Avenida;10;-58,4948524;-34,62953445;Peaton;Pasajeros;Peaton;Masculino;20;2016;5;1
2016-0065;1;20/05/2016;Tarde;Avenida;6;-58,4522795;-34,61068024;Peaton;Auto;Peaton;Masculino;20;2016;5;1
2016-0067;1;21/05/2016;Tarde;Avenida;8;-58,4845541;-34,6751276;Moto;Pasajeros;Pasajero_Acompañante;Femenino;30;2016;5;1
2016-0068;1;22/05/2016;Noche;Avenida;2;-58,3905659;-34,58418569;Moto;Pasajeros;Conductor;Masculino;58;2016;5;1
2016-0069;1;23/05/2016;Madrugada;Avenida;3;-58,3911895;-34,62704273;Auto;Cargas;Conductor;Masculino;30;2016;5;1
2016-0073;1;11/06/2016;Tarde;Calle;10;-58,4902195;-34,62025108;Moto;Cargas;Conductor;Masculino;23;2016;6;1
2016-0074;1;12/06/2016;Mañana;Gral Paz;8;-58,4989656;-34,67732118;Auto;Auto;Conductor;Masculino;60;2016;6;1
2016-0075;1;12/06/2016;Noche;Autopista;8;-58,4746108;-34,66874679;Peaton;Auto;Peaton;Masculino;42;2016;6;1
2016-0076;1;13/06/2016;Tarde;Avenida;15;-58,4621089;-34,60356211;Peaton;Pasajeros;Peaton;Femenino;53;2016;6;1
2016-0077;1;13/06/2016;Noche;Avenida;1;-58,3702777;-34,60536123;Peaton;Pasajeros;Peaton;Femenino;;2016;6;1
2016-0078;1;13/06/2016;Noche;Avenida;3;-58,4049146;-34,6146383;Moto;Moto;Conductor;Masculino;30;2016;6;1
2016-0079;1;16/06/2016;Tarde;Avenida;13;-58,4550415;-34,54864492;Auto;Auto;Conductor;Femenino;51;2016;6;1
2016-0080;1;18/06/2016;Mañana;Gral Paz;9;-58,5292798;-34,63931752;Auto;NaN;Conductor;Masculino;60;2016;6;1
2016-0081;1;22/06/2016;Mañana;Avenida;12;-58,4872106;-34,55904606;Moto;Auto;Conductor;Masculino;40;2016;6;1
2016-0082;1;27/06/2016;Noche;Avenida;4;-58,4227309;-34,64228803;Peaton;Auto;Peaton;Masculino;87;2016;6;1
2016-0083;1;28/06/2016;Noche;Avenida;6;-58,4478867;-34,62539009;Peaton;Moto;Peaton;Femenino;76;2016;6;1
2016-0084;1;29/06/2016;Noche;Calle;1;-58,3811056;-34,60135531;Peaton;Pasajeros;Peaton;Masculino;57;2016;6;1
2016-0085;1;29/06/2016;Noche;Avenida;4;-58,4237883;-34,657341;Moto;Otro;NaN;Masculino;;2016;6;1
2016-0086;1;30/06/2016;Tarde;Avenida;10;-58,4872794;-34,63652467;Peaton;Pasajeros;Peaton;Masculino;75;2016;6;1
2016-0087;1;2/07/2016;Madrugada;Autopista;1;-58,3786458;-34,62907067;Moto;Objeto Fijo;Conductor;Masculino;23;2016;7;2
2016-0088;1;11/07/2016;Tarde;Calle;12;-58,5015175;-34,56767549;Peaton;Auto;Peaton;Femenino;70;2016;7;2
2016-0089;1;14/07/2016;Mañana;Autopista;13;-58,4323343;-34,55185825;Peaton;Auto;Peaton;Masculino;35;2016;7;2
2016-0090;1;14/07/2016;Noche;Avenida;5;-58,4197199;-34,6111224;Peaton;Pasajeros;Peaton;Masculino;60;2016;7;2
2016-0092;1;15/07/2016;Mañana;Gral Paz;13;-58,4674347;-34,53476874;Moto;Cargas;Conductor;Masculino;24;2016;7;2
2016-0093;1;17/07/2016;Madrugada;Avenida;6;-58,4436213;-34,62301748;Auto;Auto;Conductor;Masculino;35;2016;7;2
2016-0095;1;23/07/2016;Mañana;Avenida;11;-58,517131;-34,59546519;Moto;Auto;Conductor;Masculino;29;2016;7;2
2016-0096;1;25/07/2016;Mañana;Autopista;8;-58,4743;-34,6668;Moto;Cargas;Conductor;Masculino;;2016;7;2
2016-0097;1;26/07/2016;Noche;Calle;1;-58,3903861;-34,6156281;Peaton;Auto;Peaton;Masculino;80;2016;7;2
2016-0098;1;27/07/2016;Tarde;Avenida;3;-58,4004241;-34,62356174;Moto;Cargas;Conductor;Femenino;43;2016;7;2
2016-0099;1;29/07/2016;Tarde;Gral Paz;11;-58,5234061;-34,59798754;Cargas;Cargas;Conductor;Masculino;45;2016;7;2
2016-0100;1;3/08/2016;Noche;Gral Paz;12;-58,4949105;-34,54795581;Moto;Objeto Fijo;Conductor;Masculino;57;2016;8;2
2016-0101;1;7/08/2016;Noche;Gral Paz;9;-58,52932872;-34,65014993;NaN;NaN;NaN;Masculino;67;2016;8;2
2016-0102;1;10/08/2016;Noche;Avenida;9;-58,50011639;-34,67316502;Moto;Cargas;Conductor;Masculino;29;2016;8;2
2016-0104;1;14/08/2016;Noche;Avenida;9;-58,46635001;-34,65624369;Moto;Pasajeros;Conductor;Masculino;21;2016;8;2
2016-0105;1;17/08/2016;Madrugada;Avenida;15;-58,45343236;-34,58435809;Peaton;Pasajeros;Peaton;Masculino;19;2016;8;2
2016-0106;1;19/08/2016;Noche;Avenida;1;-58,38090932;-34,58927731;Peaton;Pasajeros;Peaton;Masculino;38;2016;8;2
2016-0107;1;20/08/2016;Mañana;Autopista;4;-58,37157668;-34,65429986;Moto;Auto;Conductor;Masculino;21;2016;8;2
2016-0109;1;24/08/2016;Madrugada;Autopista;9;-58,52280139;-34,63659934;Auto;Objeto Fijo;Conductor;Femenino;53;2016;8;2
2016-0110;1;24/08/2016;Noche;Avenida;9;-58,51232237;-34,6590353;Peaton;NaN;Peaton;Masculino;57;2016;8;2
2016-0111;1;25/08/2016;Mañana;Autopista;15;-58,47461905;-34,57663634;Moto;Cargas;Conductor;Masculino;27;2016;8;2
2016-0112;1;27/08/2016;Madrugada;Autopista;1;-58,38268809;-34,62282019;Moto;Objeto Fijo;Conductor;Masculino;24;2016;8;2
2016-0113;1;27/08/2016;Tarde;Avenida;9;-58,49603546;-34,64564271;Peaton;Pasajeros;Peaton;Femenino;60;2016;8;2
2016-0114;1;31/08/2016;Mañana;Calle;14;-58,41848605;-34,59394733;Bicicleta;Cargas;Ciclista;Femenino;55;2016;8;2
2016-0115;1;2/09/2016;Mañana;Calle;12;-58,48935041;-34,54917673;NaN;Cargas;NaN;Masculino;;2016;9;2
2016-0116;1;2/09/2016;Noche;Avenida;8;-58,44451316;-34,68475866;Moto;Auto;Conductor;Masculino;30;2016;9;2
2016-0117;1;3/09/2016;Tarde;Avenida;14;-58,39936478;-34,58271474;Auto;Auto;Conductor;Masculino;43;2016;9;2
2016-0118;1;4/09/2016;Madrugada;Autopista;1;-58,37936704;-34,62694503;Auto;Auto;Conductor;Masculino;27;2016;9;2
2016-0119;1;4/09/2016;Mañana;Avenida;12;-58,49659234;-34,56353635;NaN;NaN;Pasajero_Acompañante;Femenino;;2016;9;2
2016-0122;1;13/09/2016;Mañana;Avenida;9;-58,47256391;-34,65194557;Bicicleta;NaN;Ciclista;Masculino;49;2016;9;2
2016-0123;1;14/09/2016;Mañana;Avenida;7;-58,45130953;-34,64053676;Moto;Auto;Conductor;Femenino;58;2016;9;2
2016-0124;1;16/09/2016;Tarde;Avenida;7;-58,46271207;-34,62884871;Peaton;Pasajeros;Peaton;Masculino;67;2016;9;2
2016-0125;1;17/09/2016;Tarde;Autopista;10;-58,49020869;-34,64243791;Moto;Moto;Conductor;Masculino;30;2016;9;2
2016-0126;2;18/09/2016;Noche;Calle;10;-58,52572109;-34,62125906;Auto;Cargas;Conductor;Masculino;37;2016;9;2
2016-0126;2;18/09/2016;Noche;Calle;10;-58,52572109;-34,62125906;Auto;Cargas;Pasajero_Acompañante;Masculino;60;2016;9;2
2016-0127;1;24/09/2016;Mañana;Avenida;8;-58,44094791;-34,66677111;Peaton;Pasajeros;Peaton;Masculino;50;2016;9;2
2016-0128;1;2/10/2016;Mañana;Avenida;5;-58,41914024;-34,6305389;Peaton;Pasajeros;Peaton;Femenino;81;2016;10;2
2016-0130;1;4/10/2016;Tarde;Autopista;1;-58,37910942;-34,62764717;Moto;Cargas;Conductor;Masculino;29;2016;10;2
2016-0131;1;9/10/2016;Noche;Calle;4;-58,39871183;-34,64539318;Peaton;Auto;Peaton;Masculino;35;2016;10;2
2016-0132;1;10/10/2016;Madrugada;Avenida;3;-58,41036975;-34,62477021;Auto;Pasajeros;Pasajero_Acompañante;Masculino;30;2016;10;2
2016-0133;1;14/10/2016;Madrugada;Avenida;14;-58,40204698;-34,5834269;Moto;Auto;Conductor;Masculino;41;2016;10;2
2016-0134;1;23/10/2016;Madrugada;Avenida;8;-58,48935287;-34,67648597;Moto;Objeto Fijo;Conductor;Masculino;25;2016;10;2
2016-0135;1;24/10/2016;Madrugada;Avenida;14;-58,42260225;-34,56403694;Peaton;NaN;Peaton;Masculino;29;2016;10;2
2016-0136;1;25/10/2016;Madrugada;Autopista;4;-58,38871;-34,64367;Moto;Cargas;Conductor;NaN;;2016;10;2
2016-0137;1;25/10/2016;Madrugada;Avenida;11;-58,51537091;-34,59035925;Moto;Moto;Conductor;Masculino;30;2016;10;2
2016-0138;1;27/10/2016;Noche;Avenida;13;-58,4590967;-34,55922742;Bicicleta;Cargas;Ciclista;Femenino;33;2016;10;2
2016-0139;1;28/10/2016;Noche;Avenida;14;-58,42008769;-34,56539579;Moto;Moto;Pasajero_Acompañante;Femenino;35;2016;10;2
2016-0140;1;31/10/2016;Madrugada;Avenida;13;-58,45566399;-34,56147293;Pasajeros;Pasajeros;Pasajero_Acompañante;Masculino;20;2016;10;2
2016-0142;1;5/11/2016;Noche;Avenida;1;-58,37533517;-34,59276462;Moto;Pasajeros;Conductor;Masculino;46;2016;11;2
2016-0143;1;6/11/2016;Madrugada;Avenida;8;-58,44451316;-34,68475866;Moto;NaN;Conductor;Masculino;35;2016;11;2
2016-0144;1;7/11/2016;Tarde;Avenida;4;-58,35975012;-34,63343907;Peaton;Pasajeros;Peaton;Masculino;83;2016;11;2
2016-0145;1;7/11/2016;Noche;Avenida;13;-58,44523595;-34,55953855;Moto;Auto;Conductor;Masculino;39;2016;11;2
2016-0146;1;9/11/2016;Noche;Avenida;4;-58,39626094;-34,63036565;Peaton;Pasajeros;Peaton;Femenino;29;2016;11;2
2016-0147;1;16/11/2016;Noche;Avenida;1;-58,38896772;-34,61799615;Movil;Pasajeros;Pasajero_Acompañante;Masculino;55;2016;11;2
2016-0148;1;16/11/2016;Noche;Avenida;15;-58,46536113;-34,59484504;Moto;Moto;Conductor;Masculino;;2016;11;2
2016-0150;1;18/11/2016;Noche;Avenida;4;-58,40879146;-34,65273216;Cargas;Cargas;Pasajero_Acompañante;Masculino;41;2016;11;2
2016-0151;1;18/11/2016;Noche;Calle;10;-58,3703;-34,5971;Peaton;NaN;Peaton;NaN;;2016;11;2
2016-0152;1;23/11/2016;Noche;Avenida;7;-58,46451841;-34,64991946;Moto;Auto;Conductor;Masculino;42;2016;11;2
2016-0153;1;25/11/2016;Tarde;Avenida;15;-58,4291709;-34,59485488;Peaton;Moto;Peaton;Femenino;83;2016;11;2
2016-0154;1;26/11/2016;Tarde;Gral Paz;8;-58,49007772;-34,68251141;Moto;Moto;Conductor;Masculino;38;2016;11;2
2016-0155;1;26/11/2016;Tarde;Calle;10;-58,52756365;-34,62772274;Peaton;Auto;Peaton;Femenino;29;2016;11;2
2016-0156;1;26/11/2016;Noche;Avenida;3;-58,40638983;-34,61943202;Moto;Pasajeros;Conductor;Masculino;23;2016;11;2
2016-0157;1;3/12/2016;Mañana;Avenida;11;-58,47576807;-34,61740997;Moto;Moto;Conductor;Masculino;23;2016;12;2
2016-0159;1;4/12/2016;Mañana;Avenida;8;-58,44451316;-34,68475866;Auto;NaN;Conductor;Masculino;23;2016;12;2
2016-0160;1;6/12/2016;Madrugada;Autopista;9;-58,51927194;-34,63635787;Cargas;Objeto Fijo;Conductor;Masculino;29;2016;12;2
2016-0161;1;6/12/2016;Mañana;Avenida;14;-58,42525456;-34,57866344;Peaton;Pasajeros;Peaton;Masculino;50;2016;12;2
2016-0162;1;7/12/2016;Madrugada;Avenida;15;-58,45396573;-34,58518167;Peaton;Auto;Peaton;Masculino;38;2016;12;2
2016-0163;1;10/12/2016;Mañana;Gral Paz;11;-58,52340614;-34,59798754;Moto;Auto;Conductor;Masculino;23;2016;12;2
2016-0164;1;11/12/2016;Mañana;Avenida;4;-58,42323628;-34,64119105;Auto;Auto;Conductor;Masculino;29;2016;12;2
2016-0165;1;12/12/2016;Mañana;Avenida;4;-58,36926144;-34,62841919;Bicicleta;Pasajeros;Ciclista;Masculino;37;2016;12;2
2016-0168;1;13/12/2016;Mañana;Avenida;4;-58,42323628;-34,64119105;Moto;Auto;Conductor;Masculino;43;2016;12;2
2016-0169;1;15/12/2016;Tarde;Avenida;12;-58,47935434;-34,55676497;Moto;Pasajeros;Conductor;Masculino;24;2016;12;2
2016-0170;1;19/12/2016;Tarde;Gral Paz;12;-58,50598256;-34,5637998;Moto;Auto;Pasajero_Acompañante;Masculino;21;2016;12;2
2016-0171;1;25/12/2016;Noche;Autopista;1;-58,36607137;-34,62150748;Moto;Moto;Conductor;NaN;;2016;12;2
2016-0172;1;26/12/2016;Mañana;Avenida;5;-58,41918902;-34,63174259;Moto;Cargas;Conductor;Masculino;38;2016;12;2
2016-0173;1;26/12/2016;Noche;Avenida;7;-58,46749188;-34,63551751;Moto;Cargas;Conductor;Masculino;35;2016;12;2
2016-0174;1;27/12/2016;Madrugada;Autopista;7;-58,42032;-34,62794;NaN;NaN;NaN;NaN;;2016;12;2
2016-0175;1;27/12/2016;Mañana;Calle;7;-58,46064174;-34,62960517;Peaton;NaN;NaN;Femenino;;2016;12;2
2016-0176;1;28/12/2016;Madrugada;Avenida;1;-58,36956186;-34,61232875;Moto;Pasajeros;NaN;Masculino;28;2016;12;2
2016-0177;1;29/12/2016;Madrugada;Calle;14;-58,40966671;-34,58788235;Peaton;Auto;Peaton;Femenino;27;2016;12;2
2016-0178;1;30/12/2016;Tarde;Calle;3;-58,40288226;-34,61544091;Peaton;Multiple;Peaton;Femenino;7;2016;12;2
2017-0001;1;2/01/2017;Madrugada;Avenida;11;-58,4659423;-34,61028571;Moto;Cargas;Conductor;Masculino;18;2017;1;1
2017-0003;1;5/01/2017;Madrugada;Avenida;4;-58,38957669;-34,64410277;Cargas;Cargas;Pasajero_Acompañante;Masculino;33;2017;1;1
2017-0007;1;11/01/2017;Tarde;Calle;1;-58,3816166;-34,61529543;Peaton;Multiple;Peaton;Masculino;48;2017;1;1
2017-0008;1;16/01/2017;Madrugada;Calle;14;-58,43917004;-34,58494351;Moto;Pasajeros;Conductor;Masculino;29;2017;1;1
2017-0009;1;16/01/2017;Tarde;Autopista;5;-58,41595919;-34,62743346;Moto;Cargas;Conductor;Masculino;36;2017;1;1
2017-0010;1;16/01/2017;Tarde;Avenida;6;-58,4356488;-34,62828656;Moto;Auto;Conductor;Masculino;23;2017;1;1
2017-0011;1;22/01/2017;Madrugada;Gral Paz;12;-58,5007381;-34,5497951;Moto;Objeto Fijo;Pasajero_Acompañante;Femenino;29;2017;1;1
2017-0012;1;24/01/2017;Tarde;Calle;4;-58,40969005;-34,6505529;Moto;Cargas;Conductor;Masculino;30;2017;1;1
2017-0013;1;27/01/2017;Mañana;Avenida;4;-58,38972622;-34,65098981;Peaton;Cargas;Peaton;Masculino;4;2017;1;1
2017-0014;1;28/01/2017;Mañana;Avenida;12;-58,49185972;-34,55046754;Moto;Multiple;Pasajero_Acompañante;Femenino;22;2017;1;1
2017-0015;1;2/02/2017;Tarde;Avenida;2;-58,39293417;-34,59963642;Peaton;Auto;Peaton;Masculino;82;2017;2;1
2017-0016;1;3/02/2017;Madrugada;Autopista;1;-58,38099494;-34,62288231;Moto;Cargas;Conductor;Masculino;27;2017;2;1
2017-0017;1;6/02/2017;Mañana;Avenida;14;-58,429012;-34,58095431;Moto;Auto;Conductor;Masculino;32;2017;2;1
2017-0018;1;9/02/2017;Mañana;Gral Paz;9;-58,50877521;-34,66977709;Moto;Auto;Conductor;Masculino;30;2017;2;1
2017-0021;1;18/02/2017;Madrugada;Calle;1;-58,38362373;-34,60509972;Moto;Pasajeros;Conductor;Masculino;43;2017;2;1
2017-0024;1;23/02/2017;Noche;Avenida;7;-58,46589308;-34,62955795;Peaton;Pasajeros;Peaton;Masculino;39;2017;2;1
2017-0025;1;24/02/2017;Tarde;Avenida;7;-58,43614426;-34,6542464;Moto;NaN;Conductor;Masculino;23;2017;2;1
2017-0026;2;26/02/2017;Madrugada;Avenida;4;-58,41842777;-34,64979057;Auto;Objeto Fijo;Pasajero_Acompañante;Femenino;23;2017;2;1
2017-0026;2;26/02/2017;Madrugada;Avenida;4;-58,41842777;-34,64979057;Auto;Objeto Fijo;Conductor;Masculino;19;2017;2;1
2017-0027;1;26/02/2017;Noche;Avenida;1;-58,38332245;-34,6319325;Peaton;Auto;Peaton;Masculino;;2017;2;1
2017-0028;1;28/02/2017;Mañana;Avenida;6;-58,45475488;-34,61196327;Peaton;Auto;Peaton;Masculino;87;2017;2;1
2017-0029;1;7/03/2017;Madrugada;Calle;9;-58,48501341;-34,64742455;NaN;Auto;NaN;Masculino;34;2017;3;1
2017-0030;1;7/03/2017;Mañana;Avenida;9;-58,47010988;-34,65872088;Auto;Pasajeros;Conductor;Femenino;27;2017;3;1
2017-0031;1;11/03/2017;Madrugada;Calle;3;-58,4099756;-34,62873635;Auto;Objeto Fijo;Pasajero_Acompañante;Masculino;70;2017;3;1
2017-0032;1;12/03/2017;Madrugada;Gral Paz;8;-58,48892175;-34,68359163;Auto;Auto;Pasajero_Acompañante;Femenino;40;2017;3;1
2017-0033;1;12/03/2017;Mañana;Gral Paz;11;-58,52466448;-34,60325478;Auto;Auto;Conductor;Masculino;28;2017;3;1
2017-0034;1;13/03/2017;Mañana;Calle;14;-58,42554218;-34,57929036;Peaton;Auto;Peaton;Masculino;43;2017;3;1
2017-0035;3;23/03/2017;Madrugada;Avenida;1;-58,35881506;-34,61113641;Auto;Objeto Fijo;Conductor;Masculino;28;2017;3;1
2017-0035;3;23/03/2017;Madrugada;Avenida;1;-58,35881506;-34,61113641;Auto;Objeto Fijo;Pasajero_Acompañante;Masculino;32;2017;3;1
2017-0035;3;23/03/2017;Madrugada;Avenida;1;-58,35881506;-34,61113641;Auto;Objeto Fijo;Pasajero_Acompañante;Masculino;30;2017;3;1
2017-0036;2;29/03/2017;Noche;Gral Paz;12;-58,51452347;-34,58159762;Moto;Pasajeros;Pasajero_Acompañante;Femenino;;2017;3;1
2017-0036;2;29/03/2017;Noche;Gral Paz;12;-58,51452347;-34,58159762;Moto;Pasajeros;Conductor;Masculino;20;2017;3;1
2017-0037;1;31/03/2017;Madrugada;Avenida;1;-58,38896772;-34,61799615;Moto;Cargas;Conductor;Masculino;41;2017;3;1
2017-0038;1;1/04/2017;Noche;Avenida;7;-58,44516857;-34,64363363;Moto;Auto;Conductor;Femenino;40;2017;4;1
2017-0040;1;3/04/2017;Mañana;Avenida;13;-58,43834197;-34,54560369;Auto;Multiple;Conductor;Masculino;43;2017;4;1
2017-0041;1;3/04/2017;Noche;Calle;7;-58,45485084;-34,63531854;Moto;Auto;Conductor;Masculino;17;2017;4;1
2017-0042;1;10/04/2017;Mañana;Gral Paz;14;-58,42346;-34,55706;Moto;Cargas;Conductor;Masculino;;2017;4;1
2017-0045;1;14/04/2017;Mañana;Calle;10;-58,52449285;-34,62454175;Moto;Objeto Fijo;Conductor;Masculino;21;2017;4;1
2017-0047;1;23/04/2017;Mañana;Avenida;8;-58,46713742;-34,6719879;Moto;Auto;Conductor;Masculino;37;2017;4;1
2017-0049;1;27/04/2017;Noche;Avenida;8;-58,43850413;-34,65554754;Peaton;Pasajeros;Peaton;Masculino;22;2017;4;1
2017-0050;2;28/04/2017;Mañana;Autopista;9;-58,49258;-34,64043;Moto;Cargas;Conductor;Masculino;46;2017;4;1
2017-0050;2;28/04/2017;Mañana;Autopista;9;-58,49258;-34,64043;Moto;Cargas;Pasajero_Acompañante;Masculino;16;2017;4;1
2017-0051;1;1/05/2017;Madrugada;Autopista;7;-58,46782;-34,65168;Auto;Auto;Conductor;Masculino;33;2017;5;1
2017-0052;1;5/05/2017;Madrugada;Gral Paz;8;-58,49413799;-34,68095739;Peaton;Cargas;Peaton;Femenino;47;2017;5;1
2017-0053;1;5/05/2017;Noche;Calle;4;-58,37547846;-34,65326075;Moto;Cargas;Conductor;Masculino;28;2017;5;1
2017-0054;1;7/05/2017;Noche;Avenida;15;-58,48680218;-34,58689719;Moto;Auto;Pasajero_Acompañante;Femenino;20;2017;5;1
2017-0055;1;9/05/2017;Mañana;Avenida;12;-58,49563989;-34,57962262;Auto;Auto;Conductor;Masculino;32;2017;5;1
2017-0058;1;9/05/2017;Noche;Avenida;1;-58,38403232;-34,5991594;Peaton;Moto;Peaton;Masculino;80;2017;5;1
2017-0059;1;11/05/2017;Mañana;Calle;1;-58,38223382;-34,62693865;Peaton;Pasajeros;Peaton;Femenino;39;2017;5;1
2017-0060;1;13/05/2017;Mañana;Avenida;8;-58,45966521;-34,67323292;Moto;Objeto Fijo;Pasajero_Acompañante;Masculino;30;2017;5;1
2017-0061;1;15/05/2017;Tarde;Avenida;2;-58,39303911;-34,59871111;Peaton;Moto;Peaton;Masculino;47;2017;5;1
2017-0062;1;15/05/2017;Tarde;Avenida;10;-58,51262106;-34,63395999;Moto;Cargas;Conductor;Masculino;35;2017;5;1
2017-0063;1;17/05/2017;Mañana;Avenida;1;-58,38118367;-34,61646839;Peaton;Pasajeros;Peaton;Femenino;79;2017;5;1
2017-0064;1;20/05/2017;Madrugada;Calle;1;-58,37653284;-34,60582475;Cargas;Auto;Pasajero_Acompañante;Masculino;61;2017;5;1
2017-0065;1;22/05/2017;Tarde;Avenida;4;-58,37709334;-34,64035082;Bicicleta;Cargas;Ciclista;Masculino;21;2017;5;1
2017-0066;1;22/05/2017;Noche;Avenida;15;-58,46002142;-34,60409469;Peaton;Pasajeros;Peaton;Masculino;10;2017;5;1
2017-0067;1;23/05/2017;Madrugada;Avenida;6;-58,4338197;-34,62801894;Moto;Cargas;Conductor;Masculino;21;2017;5;1
2017-0068;1;27/05/2017;Noche;Avenida;8;-58,43580656;-34,66437532;Moto;Objeto Fijo;Conductor;Masculino;32;2017;5;1
2017-0069;1;24/05/2017;Tarde;Gral Paz;9;-58,52173071;-34,65997463;Moto;NaN;Conductor;Masculino;39;2017;5;1
2017-0070;1;30/05/2017;Tarde;Calle;11;-58,50791763;-34,59804273;Peaton;Auto;Peaton;Masculino;80;2017;5;1
2017-0072;1;3/06/2017;Noche;Avenida;12;-58,49175088;-34,58226957;Auto;Auto;Conductor;Masculino;25;2017;6;1
2017-0073;1;4/06/2017;Mañana;Avenida;3;-58,40781467;-34,60425669;Moto;Auto;Conductor;Masculino;19;2017;6;1
2017-0074;1;4/06/2017;Tarde;Calle;9;-58,52567073;-34,63787791;NaN;NaN;NaN;Masculino;70;2017;6;1
2017-0075;1;12/06/2017;Noche;Avenida;1;-58,381542;-34,60906385;Peaton;NaN;Peaton;Masculino;55;2017;6;1
2017-0076;1;13/06/2017;Tarde;Avenida;2;-58,38526125;-34,5780581;Peaton;Cargas;Peaton;Femenino;30;2017;6;1
2017-0077;1;17/06/2017;Noche;Calle;14;-58,42934104;-34,58451712;Moto;Cargas;Conductor;Femenino;60;2017;6;1
2017-0079;1;19/06/2017;Tarde;Calle;3;-58,40657493;-34,61781124;Moto;Cargas;Conductor;Masculino;33;2017;6;1
2017-0080;1;22/06/2017;Mañana;Avenida;9;-58,49525314;-34,64487785;Peaton;Cargas;Peaton;Femenino;95;2017;6;1
2017-0082;1;25/06/2017;Noche;Avenida;4;-58,39092851;-34,62932696;Peaton;Auto;Peaton;Masculino;36;2017;6;1
2017-0083;1;4/07/2017;Madrugada;Avenida;9;-58,49603546;-34,64564271;Moto;Cargas;Conductor;Masculino;37;2017;7;2
2017-0084;1;5/07/2017;Tarde;Avenida;2;-58,38502878;-34,58703485;Peaton;Pasajeros;Peaton;Femenino;73;2017;7;2
2017-0085;1;7/07/2017;Tarde;Avenida;4;-58,37261143;-34,63150425;Peaton;Pasajeros;Peaton;Masculino;84;2017;7;2
2017-0086;1;9/07/2017;Mañana;Avenida;9;-58,51876802;-34,63905965;Peaton;Moto;Peaton;Femenino;30;2017;7;2
2017-0087;1;10/07/2017;Mañana;Calle;3;-58,41095567;-34,61516101;Peaton;Auto;Peaton;Femenino;73;2017;7;2
2017-0088;1;10/07/2017;Noche;Avenida;1;-58,36797542;-34,62519403;Peaton;Pasajeros;Peaton;Masculino;43;2017;7;2
2017-0089;1;13/07/2017;Tarde;Calle;9;-58,51514709;-34,64787051;NaN;Auto;NaN;Masculino;23;2017;7;2
2017-0090;1;15/07/2017;Madrugada;Gral Paz;11;-58,51925642;-34,59171721;Peaton;Auto;Peaton;Masculino;22;2017;7;2
2017-0091;1;15/07/2017;Tarde;Gral Paz;12;-58,48671535;-34,54321216;Moto;NaN;Conductor;Masculino;58;2017;7;2
2017-0092;1;24/07/2017;Noche;Autopista;1;-58,38268809;-34,62282019;Peaton;Auto;Peaton;Masculino;66;2017;7;2
2017-0093;1;25/07/2017;Tarde;Autopista;13;-58,43633522;-34,54966288;Peaton;Auto;Peaton;Masculino;;2017;7;2
2017-0094;1;27/07/2017;Mañana;Calle;10;-58,52640838;-34,61765855;Bicicleta;Cargas;Ciclista;Femenino;56;2017;7;2
2017-0095;1;6/08/2017;Mañana;Avenida;14;-58,41894306;-34,59778875;Moto;Auto;Conductor;Masculino;36;2017;8;2
2017-0096;1;7/08/2017;Noche;Avenida;13;-58,46756026;-34,54972741;Peaton;Pasajeros;Peaton;Masculino;87;2017;8;2
2017-0098;1;8/08/2017;Tarde;Calle;7;-58,45715752;-34,63132912;Peaton;Auto;Peaton;Femenino;61;2017;8;2
2017-0099;1;17/08/2017;Noche;Avenida;14;-58,42406784;-34,56213916;Bicicleta;Auto;Ciclista;Masculino;28;2017;8;2
2017-0100;1;21/08/2017;Mañana;Calle;3;-58,3967447;-34,61512051;Moto;Objeto Fijo;Pasajero_Acompañante;Femenino;16;2017;8;2
2017-0101;1;23/08/2017;Mañana;Avenida;13;-58,44537508;-34,57084818;Peaton;Multiple;Peaton;Femenino;61;2017;8;2
2017-0102;1;24/08/2017;Madrugada;Avenida;4;-58,40056767;-34,6510708;Peaton;Cargas;Peaton;Masculino;46;2017;8;2
2017-0104;1;25/08/2017;Mañana;Avenida;1;-58,38109568;-34,61853244;Peaton;Cargas;Peaton;Femenino;18;2017;8;2
2017-0106;1;31/08/2017;Noche;Calle;14;-58,42533612;-34,58035258;Peaton;Pasajeros;Peaton;Femenino;85;2017;8;2
2017-0107;1;1/09/2017;Mañana;Avenida;13;-58,46062311;-34,54395182;Moto;Cargas;Conductor;Masculino;41;2017;9;2
2017-0108;2;2/09/2017;Madrugada;Gral Paz;12;-58,49491054;-34,54795581;Objeto Fijo;Auto;Pasajero_Acompañante;Masculino;17;2017;9;2
2017-0108;2;2/09/2017;Madrugada;Gral Paz;12;-58,49491054;-34,54795581;Objeto Fijo;Auto;Pasajero_Acompañante;Masculino;10;2017;9;2
2017-0109;1;4/09/2017;Noche;Avenida;7;-58,47130269;-34,63665402;Moto;Auto;Conductor;Masculino;21;2017;9;2
2017-0110;1;6/09/2017;Tarde;Avenida;1;-58,370488;-34,60189492;Peaton;Pasajeros;Peaton;Masculino;56;2017;9;2
2017-0111;1;7/09/2017;Noche;Calle;4;-58,42023854;-34,6423411;Peaton;Cargas;Peaton;Femenino;79;2017;9;2
2017-0112;2;10/09/2017;Mañana;Autopista;7;-58,45807401;-34,6399743;Auto;Objeto Fijo;Pasajero_Acompañante;Masculino;1;2017;9;2
2017-0112;2;10/09/2017;Mañana;Autopista;7;-58,45807401;-34,6399743;Auto;Objeto Fijo;Pasajero_Acompañante;Masculino;;2017;9;2
2017-0113;1;11/09/2017;Mañana;Avenida;1;-58,37697717;-34,59573848;Peaton;Pasajeros;Peaton;Femenino;76;2017;9;2
2017-0114;1;15/09/2017;Madrugada;Avenida;2;-58,3910058;-34,5849866;Auto;Objeto Fijo;Conductor;Masculino;26;2017;9;2
2017-0115;1;19/09/2017;Noche;Avenida;5;-58,42182126;-34,63089661;Moto;Bicicleta;Conductor;Masculino;34;2017;9;2
2017-0116;1;20/09/2017;Noche;Gral Paz;12;-58,51389422;-34,58075791;Moto;Objeto Fijo;Conductor;Masculino;22;2017;9;2
2017-0118;1;22/09/2017;Mañana;Avenida;4;-58,37585415;-34,65232158;Moto;Auto;Pasajero_Acompañante;Femenino;26;2017;9;2
2017-0120;1;2/10/2017;Tarde;Autopista;9;-58,47297505;-34,66245085;Moto;Cargas;Conductor;Masculino;20;2017;10;2
2017-0123;1;10/10/2017;Madrugada;Avenida;8;-58,46855503;-34,67216349;Peaton;Auto;Peaton;Femenino;36;2017;10;2
2017-0124;1;12/10/2017;Tarde;Calle;15;-58,44254033;-34,59185043;Moto;Pasajeros;Conductor;Masculino;51;2017;10;2
2017-0125;1;13/10/2017;Mañana;Avenida;8;-58,46622247;-34,67926929;Moto;Objeto Fijo;Conductor;Masculino;29;2017;10;2
2017-0126;2;14/10/2017;Mañana;Avenida;8;-58,48003734;-34,68148508;Auto;Objeto Fijo;Pasajero_Acompañante;Masculino;39;2017;10;2
2017-0126;2;14/10/2017;Mañana;Avenida;8;-58,48003734;-34,68148508;Auto;Objeto Fijo;Conductor;Masculino;36;2017;10;2
2017-0127;1;16/10/2017;Mañana;Avenida;2;-58,41192137;-34,59800248;Moto;Moto;Pasajero_Acompañante;Masculino;24;2017;10;2
2017-0128;1;17/10/2017;Tarde;Calle;6;-58,44034689;-34,61349731;Peaton;Pasajeros;Peaton;Femenino;60;2017;10;2
2017-0129;1;26/10/2017;Noche;Autopista;9;-58,47155277;-34,64925746;Moto;Pasajeros;Conductor;Masculino;57;2017;10;2
2017-0130;1;27/10/2017;Madrugada;Avenida;15;-58,47883099;-34,59967065;Auto;Cargas;Conductor;Masculino;23;2017;10;2
2017-0132;1;30/10/2017;Tarde;Avenida;8;-58,46552171;-34,6937413;Moto;Pasajeros;Conductor;Masculino;23;2017;10;2
2017-0134;1;6/11/2017;Noche;Avenida;8;-58,4423972;-34,66777987;Peaton;Pasajeros;Peaton;Femenino;47;2017;11;2
2017-0135;1;7/11/2017;Tarde;Avenida;15;-58,47032551;-34,59626814;Moto;Cargas;Conductor;Masculino;24;2017;11;2
2017-0136;1;16/11/2017;Mañana;Avenida;4;-58,41827843;-34,65522746;Peaton;Pasajeros;Peaton;Masculino;55;2017;11;2
2017-0137;1;17/11/2017;Mañana;Avenida;11;-58,51280715;-34,59279388;Peaton;Cargas;Peaton;Femenino;60;2017;11;2
2017-0138;1;19/11/2017;Mañana;Avenida;7;-58,46258582;-34,64385704;Moto;Objeto Fijo;Pasajero_Acompañante;Masculino;25;2017;11;2
2017-0139;1;19/11/2017;Noche;Avenida;8;-58,45064148;-34,68003614;Auto;Objeto Fijo;Pasajero_Acompañante;Femenino;15;2017;11;2
2017-0140;1;19/11/2017;Noche;Autopista;4;-58,37709;-34,63747;Moto;Pasajeros;Conductor;Masculino;24;2017;11;2
2017-0141;1;23/11/2017;Noche;Avenida;6;-58,42717783;-34,62513374;Peaton;Pasajeros;Peaton;Femenino;22;2017;11;2
2017-0143;1;25/11/2017;Noche;Calle;11;-58,46442001;-34,60724519;Auto;Pasajeros;Conductor;Masculino;50;2017;11;2
2017-0144;1;26/11/2017;Mañana;Gral Paz;8;-58,47064556;-34,69843756;Auto;Objeto Fijo;Pasajero_Acompañante;Femenino;50;2017;11;2
2017-0145;1;26/11/2017;Tarde;Calle;5;-58,41677733;-34,61223119;Moto;Auto;Conductor;Masculino;58;2017;11;2
2017-0147;1;28/11/2017;Mañana;Gral Paz;9;-58,5025179;-34,67450313;Moto;Auto;Conductor;Masculino;49;2017;11;2
2017-0148;1;29/11/2017;Mañana;Avenida;3;-58,40708125;-34,62438894;Peaton;Pasajeros;Peaton;Femenino;82;2017;11;2
2017-0149;1;30/11/2017;Tarde;Avenida;1;-58,36947198;-34,61477051;Peaton;Pasajeros;Peaton;Masculino;13;2017;11;2
2017-0150;1;4/12/2017;Madrugada;Avenida;9;-58,51140889;-34,63934531;Peaton;Auto;Peaton;Masculino;56;2017;12;2
2017-0151;1;4/12/2017;Madrugada;Calle;4;-58,37460912;-34,65559133;Peaton;Pasajeros;Peaton;Masculino;;2017;12;2
2017-0152;1;6/12/2017;Tarde;Calle;4;-58,41146277;-34,65073916;Bicicleta;Pasajeros;Ciclista;Masculino;19;2017;12;2
2017-0153;2;11/12/2017;Madrugada;Avenida;6;-58,42855267;-34,61829385;Moto;Pasajeros;Pasajero_Acompañante;Masculino;;2017;12;2
2017-0153;2;11/12/2017;Madrugada;Avenida;6;-58,42855267;-34,61829385;Moto;Pasajeros;Conductor;Masculino;30;2017;12;2
2017-0154;1;11/12/2017;Mañana;Avenida;4;-58,39035581;-34,63412287;Peaton;Pasajeros;Peaton;Masculino;76;2017;12;2
2017-0155;1;12/12/2017;Noche;Avenida;7;-58,45593915;-34,62656868;NaN;Moto;NaN;Masculino;77;2017;12;2
2017-0157;1;17/12/2017;Mañana;Gral Paz;9;-58,52866211;-34,64597065;Auto;Pasajeros;Conductor;Masculino;53;2017;12;2
2017-0158;1;18/12/2017;Noche;Gral Paz;11;-58,52037476;-34,59407024;Moto;Auto;Conductor;Masculino;32;2017;12;2
2017-0159;1;20/12/2017;Madrugada;Avenida;1;-58,38896772;-34,61799615;Moto;Auto;Conductor;Masculino;27;2017;12;2
2017-0160;1;22/12/2017;Tarde;Avenida;7;-58,47074114;-34,62771756;Peaton;Moto;Peaton;Femenino;30;2017;12;2
2017-0161;1;26/12/2017;Tarde;Avenida;9;-58,48200819;-34,65969965;Peaton;Auto;Peaton;Femenino;30;2017;12;2
2018-0001;1;1/01/2018;Noche;Avenida;3;-58,39536773;-34,62297346;Peaton;Moto;Peaton;Masculino;83;2018;1;1
2018-0002;1;3/01/2018;Tarde;Calle;1;-58,37456088;-34,61895467;Bicicleta;Pasajeros;Ciclista;Femenino;26;2018;1;1
2018-0003;1;5/01/2018;Mañana;Avenida;15;-58,44860217;-34,60395657;Peaton;Multiple;Peaton;Femenino;58;2018;1;1
2018-0004;1;9/01/2018;Mañana;Avenida;13;-58,46129513;-34,54332766;Moto;Multiple;Conductor;Masculino;39;2018;1;1
2018-0005;1;9/01/2018;Noche;Avenida;1;-58,36907201;-34,61953517;Peaton;Pasajeros;Peaton;Masculino;54;2018;1;1
2018-0006;1;10/01/2018;Noche;Calle;6;-58,44062219;-34,62499107;Bicicleta;Pasajeros;Ciclista;Femenino;45;2018;1;1
2018-0007;1;11/01/2018;Madrugada;Autopista;9;-58,52502765;-34,63601265;Auto;Auto;Conductor;Masculino;46;2018;1;1
2018-0008;1;12/01/2018;Tarde;Avenida;1;-58,36659655;-34,61687778;Moto;Cargas;Conductor;Femenino;32;2018;1;1
2018-0009;1;14/01/2018;Madrugada;Avenida;4;-58,36737389;-34,62763661;Moto;Moto;Conductor;Masculino;19;2018;1;1
2018-0010;1;18/01/2018;Madrugada;Calle;10;-58,49807953;-34,63038658;Moto;Cargas;Conductor;Masculino;40;2018;1;1
2018-0011;1;19/01/2018;Mañana;Avenida;2;-58,39092703;-34,59088447;Peaton;Pasajeros;Peaton;Masculino;84;2018;1;1
2018-0012;1;26/01/2018;Tarde;Calle;8;-58,46912006;-34,68049201;Moto;Pasajeros;Conductor;Masculino;20;2018;1;1
2018-0013;1;28/01/2018;Mañana;Avenida;12;-58,48661286;-34,56786129;Moto;Auto;Conductor;Masculino;44;2018;1;1
2018-0014;1;31/01/2018;Noche;Avenida;7;-58,44074927;-34,65080597;Peaton;Moto;Peaton;Masculino;;2018;1;1
2018-0015;2;6/02/2018;Madrugada;Avenida;4;-58,38636298;-34,64684275;Moto;Pasajeros;Conductor;Masculino;28;2018;2;1
2018-0015;2;6/02/2018;Madrugada;Avenida;4;-58,38636298;-34,64684275;Moto;Pasajeros;Pasajero_Acompañante;Masculino;19;2018;2;1
2018-0016;1;15/02/2018;Mañana;Avenida;1;-58,37533517;-34,59276462;Moto;Cargas;Conductor;Masculino;31;2018;2;1
2018-0017;1;17/02/2018;Madrugada;Avenida;7;-58,46963952;-34,63070603;Peaton;Auto;Peaton;Masculino;35;2018;2;1
2018-0018;1;17/02/2018;Mañana;Calle;4;-58,37207554;-34,64543658;Moto;Cargas;Conductor;Masculino;26;2018;2;1
2018-0019;1;17/02/2018;Tarde;Avenida;2;-58,39189441;-34,59176378;Peaton;Pasajeros;Peaton;Femenino;80;2018;2;1
2018-0020;1;19/02/2018;Noche;Autopista;8;-58,45012957;-34,66518343;Moto;Cargas;Conductor;Masculino;26;2018;2;1
2018-0021;1;22/02/2018;Mañana;Avenida;4;-58,40184094;-34,64546845;Peaton;Pasajeros;Peaton;Femenino;62;2018;2;1
2018-0022;1;24/02/2018;Madrugada;Avenida;4;-58,37441153;-34,63966783;Moto;Cargas;Conductor;Masculino;28;2018;2;1
2018-0023;1;24/02/2018;Mañana;Calle;6;-58,44110156;-34,62082399;Moto;Auto;Conductor;Masculino;28;2018;2;1
2018-0024;1;28/02/2018;Noche;Avenida;15;-58,47087351;-34,57827342;Peaton;Cargas;Peaton;Masculino;70;2018;2;1
2018-0025;1;4/03/2018;Noche;Avenida;7;-58,4596221;-34,6224514;Peaton;Auto;Peaton;Masculino;70;2018;3;1
2018-0026;2;9/03/2018;Madrugada;Avenida;4;-58,41657793;-34,65476216;Movil;Cargas;Conductor;Masculino;24;2018;3;1
2018-0026;2;9/03/2018;Madrugada;Avenida;4;-58,41657793;-34,65476216;Movil;Cargas;Pasajero_Acompañante;Masculino;30;2018;3;1
2018-0027;1;11/03/2018;Noche;Calle;5;-58,41911301;-34,63722107;Peaton;Moto;Peaton;Femenino;74;2018;3;1
2018-0028;1;13/03/2018;Tarde;Avenida;9;-58,47120586;-34,64251042;Peaton;Cargas;Peaton;Masculino;71;2018;3;1
2018-0029;1;15/03/2018;Noche;Avenida;11;-58,47418944;-34,62049672;Moto;Auto;Conductor;Masculino;26;2018;3;1
2018-0030;1;20/03/2018;Madrugada;Avenida;15;-58,46720441;-34,57905579;Moto;Moto;Conductor;Masculino;24;2018;3;1
2018-0031;1;28/03/2018;Mañana;Avenida;11;-58,46909362;-34,6177971;Moto;Cargas;Conductor;Masculino;31;2018;3;1
2018-0032;1;2/04/2018;Tarde;Avenida;13;-58,44704343;-34,5688864;Peaton;Pasajeros;Peaton;Masculino;70;2018;4;1
2018-0033;1;7/04/2018;Mañana;Avenida;10;-58,50535541;-34,62902048;Moto;Cargas;Conductor;Femenino;42;2018;4;1
2018-0034;1;11/04/2018;Noche;Avenida;2;-58,40021675;-34,59522198;Peaton;Pasajeros;Peaton;Masculino;24;2018;4;1
2018-0035;1;12/04/2018;Tarde;Avenida;7;-58,46325991;-34,62919627;Peaton;Pasajeros;Peaton;Femenino;39;2018;4;1
2018-0036;1;13/04/2018;Noche;Avenida;15;-58,49471482;-34,59694755;Moto;Auto;Conductor;Masculino;37;2018;4;1
2018-0037;1;18/04/2018;Noche;Avenida;2;-58,3987261;-34,59975962;Peaton;Cargas;Peaton;Masculino;84;2018;4;1
2018-0038;2;20/04/2018;Tarde;Avenida;1;-58,38872177;-34,60885045;Peaton;Auto;Peaton;Femenino;59;2018;4;1
2018-0038;2;20/04/2018;Tarde;Avenida;1;-58,38872177;-34,60885045;Peaton;Auto;Peaton;Masculino;61;2018;4;1
2018-0039;1;21/04/2018;Noche;Autopista;14;-58,41706;-34,56162;Peaton;Auto;Peaton;Masculino;37;2018;4;1
2018-0040;1;27/04/2018;Mañana;Calle;13;-58,45686132;-34,57305993;Peaton;Cargas;Peaton;Femenino;;2018;4;1
2018-0041;1;27/04/2018;Tarde;Avenida;4;-58,42281627;-34,64282424;Peaton;Pasajeros;Peaton;Femenino;78;2018;4;1
2018-0042;1;27/04/2018;Noche;Calle;4;-58,38666024;-34,63953396;Moto;Cargas;Pasajero_Acompañante;Masculino;23;2018;4;1
2018-0043;1;28/04/2018;Mañana;Avenida;11;-58,49122843;-34,61207587;Moto;Auto;Conductor;Masculino;25;2018;4;1
2018-0044;1;28/04/2018;Mañana;Avenida;3;-58,40098306;-34,61866627;Peaton;Auto;Peaton;Femenino;50;2018;4;1
2018-0045;1;30/04/2018;Mañana;Avenida;13;-58,45448963;-34,5791692;Auto;Cargas;Conductor;Masculino;60;2018;4;1
2018-0046;1;2/05/2018;Madrugada;Gral Paz;9;-58,52927982;-34,63931752;Peaton;Auto;Peaton;Masculino;11;2018;5;1
2018-0047;1;8/05/2018;Noche;Avenida;15;-58,44759966;-34,5917024;Peaton;Pasajeros;Peaton;Masculino;82;2018;5;1
2018-0048;1;9/05/2018;Mañana;Avenida;7;-58,46411215;-34,62925068;Peaton;Pasajeros;Peaton;Masculino;57;2018;5;1
2018-0049;1;11/05/2018;Noche;Calle;13;-58,4621322;-34,55395823;Peaton;Auto;Peaton;Femenino;40;2018;5;1
2018-0050;1;14/05/2018;Noche;Avenida;13;-58,45669422;-34,5620361;Peaton;Pasajeros;Peaton;Femenino;47;2018;5;1
2018-0051;1;15/05/2018;Noche;Calle;4;-58,3597716;-34,64341878;Peaton;Auto;Peaton;Femenino;57;2018;5;1
2018-0052;1;18/05/2018;Noche;Avenida;15;-58,49820145;-34,59070093;Peaton;Pasajeros;Peaton;Masculino;78;2018;5;1
2018-0053;1;20/05/2018;Madrugada;Calle;3;-58,4105928;-34,5993918;Moto;Auto;Conductor;Masculino;43;2018;5;1
2018-0054;1;22/05/2018;Mañana;Calle;12;-58,47969138;-34,57121563;Peaton;Bicicleta;Peaton;Femenino;86;2018;5;1
2018-0055;1;29/05/2018;Mañana;Avenida;3;-58,40351561;-34,61883916;Moto;Auto;Conductor;Masculino;21;2018;5;1
2018-0056;1;2/06/2018;Tarde;Avenida;9;-58,51973844;-34,63918987;Peaton;Pasajeros;Peaton;Femenino;69;2018;6;1
2018-0057;1;3/06/2018;Madrugada;Calle;3;-58,39311376;-34,62163006;Moto;Pasajeros;Conductor;Masculino;33;2018;6;1
2018-0058;1;3/06/2018;Mañana;Avenida;15;-58,43531242;-34,59082159;Moto;Auto;Conductor;Masculino;26;2018;6;1
2018-0059;1;8/06/2018;Mañana;Avenida;5;-58,41178165;-34,63035454;Moto;Otro;Conductor;Masculino;54;2018;6;1
2018-0060;1;8/06/2018;Tarde;Avenida;1;-58,370488;-34,60189492;Peaton;Pasajeros;Peaton;Masculino;51;2018;6;1
2018-0061;1;10/06/2018;Mañana;Calle;3;-58,39883882;-34,61964833;Moto;Moto;Conductor;Masculino;51;2018;6;1
2018-0062;1;14/06/2018;Madrugada;Calle;6;-58,44110156;-34,62082399;Peaton;Cargas;Peaton;Masculino;32;2018;6;1
2018-0063;1;16/06/2018;Noche;Avenida;1;-58,37093138;-34,59952725;Peaton;Pasajeros;Peaton;Femenino;28;2018;6;1
2018-0064;1;25/06/2018;Madrugada;Avenida;7;-58,45855262;-34,63953253;Auto;Cargas;Conductor;Masculino;30;2018;6;1
2018-0065;1;26/06/2018;Tarde;Calle;1;-58,38161909;-34,59283447;Moto;Cargas;Conductor;Masculino;35;2018;6;1
2018-0066;1;28/06/2018;Mañana;Avenida;15;-58,45511899;-34,58698157;Peaton;Pasajeros;Peaton;Masculino;73;2018;6;1
2018-0067;1;29/06/2018;Tarde;Avenida;4;-58,37724226;-34,62973033;Pasajeros;Auto;Pasajero_Acompañante;Femenino;81;2018;6;1
2018-0068;1;1/07/2018;Mañana;Avenida;7;-58,45546217;-34,62930339;Moto;Auto;Conductor;Masculino;21;2018;7;2
2018-0069;1;4/07/2018;Noche;Avenida;2;-58,39897064;-34,59954925;Bicicleta;Pasajeros;Ciclista;Masculino;20;2018;7;2
2018-0070;1;7/07/2018;Tarde;Calle;3;-58,40917826;-34,62126274;Moto;Pasajeros;Conductor;Masculino;33;2018;7;2
2018-0071;1;10/07/2018;Tarde;Avenida;1;-58,36726348;-34,61099738;Moto;Cargas;Conductor;Masculino;;2018;7;2
2018-0072;1;11/07/2018;Tarde;Autopista;8;-58,48267426;-34,68454456;Moto;Cargas;Conductor;Masculino;27;2018;7;2
2018-0073;1;11/07/2018;Tarde;Avenida;4;-58,39546165;-34,65168841;Peaton;Cargas;Peaton;Femenino;67;2018;7;2
2018-0074;1;14/07/2018;Mañana;Avenida;7;-58,46941984;-34,63376545;Auto;Cargas;Conductor;Masculino;25;2018;7;2
2018-0075;1;15/07/2018;Mañana;Avenida;14;-58,40367321;-34,58129246;Peaton;Auto;Peaton;Masculino;23;2018;7;2
2018-0076;1;16/07/2018;Mañana;Calle;9;-58,52932872;-34,65014993;Auto;Cargas;Conductor;Masculino;73;2018;7;2
2018-0077;1;16/07/2018;Noche;Calle;3;-58,40917826;-34,62126274;Auto;Cargas;Conductor;Masculino;58;2018;7;2
2018-0078;1;21/07/2018;Mañana;Calle;2;-58,41264127;-34,59473294;Peaton;Auto;Peaton;Masculino;27;2018;7;2
2018-0079;1;23/07/2018;Mañana;Gral Paz;9;-58,50877521;-34,66977709;Peaton;Cargas;Peaton;Masculino;;2018;7;2
2018-0080;1;25/07/2018;Noche;Avenida;9;-58,51232237;-34,6590353;Peaton;Auto;Peaton;Masculino;26;2018;7;2
2018-0081;1;29/07/2018;Mañana;Avenida;7;-58,44744156;-34,64567171;Peaton;Multiple;Peaton;Masculino;35;2018;7;2
2018-0082;1;1/08/2018;Tarde;Avenida;9;-58,49441273;-34,65869968;Moto;Cargas;Conductor;Femenino;17;2018;8;2
2018-0083;1;2/08/2018;Madrugada;Gral Paz;8;-58,47976785;-34,69153196;Moto;Cargas;Conductor;Masculino;;2018;8;2
2018-0084;1;3/08/2018;Mañana;Avenida;1;-58,36523349;-34,62260331;Peaton;Cargas;Peaton;Masculino;45;2018;8;2
2018-0085;2;3/08/2018;Noche;Avenida;3;-58,39118948;-34,62704273;Moto;Pasajeros;Pasajero_Acompañante;Femenino;22;2018;8;2
2018-0085;2;3/08/2018;Noche;Avenida;3;-58,39118948;-34,62704273;Moto;Pasajeros;Conductor;Masculino;30;2018;8;2
2018-0086;1;10/08/2018;Noche;Avenida;9;-58,49019551;-34,65015854;Peaton;Pasajeros;Peaton;Masculino;40;2018;8;2
2018-0087;1;15/08/2018;Noche;Avenida;5;-58,41644362;-34,63023775;Peaton;Pasajeros;Peaton;Masculino;75;2018;8;2
2018-0088;1;17/08/2018;Tarde;Gral Paz;12;-58,5007381;-34,5497951;Moto;Cargas;Conductor;Masculino;;2018;8;2
2018-0089;1;17/08/2018;Tarde;Avenida;4;-58,39626094;-34,63036565;Peaton;Pasajeros;Peaton;Masculino;80;2018;8;2
2018-0090;1;18/08/2018;Mañana;Avenida;8;-58,43284809;-34,67051543;Moto;Auto;Conductor;Masculino;27;2018;8;2
2018-0091;1;19/08/2018;Noche;Autopista;9;-58,52280139;-34,63659934;Auto;Auto;Pasajero_Acompañante;Femenino;23;2018;8;2
2018-0092;1;20/08/2018;Mañana;Avenida;14;-58,4233693;-34,59774487;Moto;Auto;Conductor;Masculino;23;2018;8;2
2018-0093;1;20/08/2018;Mañana;Calle;1;-58,38691681;-34,63105973;Peaton;Pasajeros;Peaton;Masculino;24;2018;8;2
2018-0094;1;23/08/2018;Madrugada;Calle;14;-58,4116902;-34,5857988;Moto;Pasajeros;Conductor;Masculino;32;2018;8;2
2018-0095;1;26/08/2018;Madrugada;Avenida;9;-58,46739825;-34,65117757;Auto;Auto;Pasajero_Acompañante;Femenino;49;2018;8;2
2018-0096;1;31/08/2018;Noche;Autopista;8;-58,44483258;-34,67152226;Peaton;Auto;Peaton;Masculino;39;2018;8;2
2018-0097;1;2/09/2018;Mañana;Avenida;8;-58,43254025;-34,66128115;Auto;Otro;Conductor;Femenino;35;2018;9;2
2018-0098;2;9/09/2018;Madrugada;Gral Paz;8;-58,47199387;-34,69640164;Auto;Auto;Conductor;Masculino;55;2018;9;2
2018-0098;2;9/09/2018;Madrugada;Gral Paz;8;-58,47199387;-34,69640164;Auto;Auto;Pasajero_Acompañante;Masculino;54;2018;9;2
2018-0099;1;12/09/2018;Tarde;Avenida;7;-58,46411215;-34,62925068;Peaton;Pasajeros;Peaton;Masculino;18;2018;9;2
2018-0100;1;20/09/2018;Mañana;Avenida;1;-58,36217754;-34,62367156;Moto;Auto;NaN;Femenino;33;2018;9;2
2018-0101;1;21/09/2018;Madrugada;Gral Paz;12;-58,48098594;-34,5407313;Auto;Multiple;Conductor;Masculino;;2018;9;2
2018-0102;1;21/09/2018;Madrugada;Calle;4;-58,41083404;-34,64640709;Moto;Auto;Conductor;Masculino;20;2018;9;2
2018-0103;1;27/09/2018;Tarde;Avenida;7;-58,44609828;-34,64446729;Peaton;Moto;Peaton;Masculino;1;2018;9;2
2018-0104;1;1/10/2018;Mañana;Autopista;4;-58,37709334;-34,64035082;Moto;Moto;Conductor;Masculino;22;2018;10;2
2018-0105;1;3/10/2018;Noche;Avenida;7;-58,46963952;-34,63070603;Peaton;Pasajeros;Peaton;Femenino;56;2018;10;2
2018-0106;1;4/10/2018;Noche;Avenida;13;-58,43674281;-34,55161027;Moto;Moto;Conductor;Masculino;27;2018;10;2
2018-0107;1;6/10/2018;Tarde;Avenida;3;-58,4059686;-34,61011987;Peaton;Pasajeros;Peaton;Femenino;62;2018;10;2
2018-0108;1;9/10/2018;Tarde;Avenida;1;-58,36154069;-34,60463618;Moto;Auto;Conductor;Masculino;37;2018;10;2
2018-0109;1;10/10/2018;Noche;Avenida;1;-58,37062179;-34,60066507;Peaton;Pasajeros;Peaton;Masculino;34;2018;10;2
2018-0110;1;13/10/2018;Madrugada;Avenida;15;-58,43220014;-34,60207186;Peaton;Moto;Peaton;Masculino;60;2018;10;2
2018-0111;1;19/10/2018;Tarde;Autopista;9;-58,46958442;-34,64949724;Moto;Cargas;Conductor;Masculino;28;2018;10;2
2018-0112;1;24/10/2018;Mañana;Calle;15;-58,44671397;-34,59970903;Moto;Cargas;Conductor;Femenino;28;2018;10;2
2018-0113;1;25/10/2018;Mañana;Calle;11;-58,47152163;-34,61474911;Moto;Cargas;Conductor;Masculino;20;2018;10;2
2018-0114;1;30/10/2018;Madrugada;Avenida;1;-58,39032921;-34,61807951;Moto;Auto;Conductor;Masculino;23;2018;10;2
2018-0115;1;31/10/2018;Tarde;Calle;9;-58,52887773;-34,64297861;Peaton;Pasajeros;Peaton;Masculino;42;2018;10;2
2018-0116;1;1/11/2018;Mañana;Gral Paz;8;-58,49371157;-34,67981324;Peaton;Cargas;Peaton;Masculino;48;2018;11;2
2018-0117;1;4/11/2018;Mañana;Avenida;9;-58,48266599;-34,66012327;Moto;Moto;Conductor;Masculino;30;2018;11;2
2018-0118;1;5/11/2018;Tarde;Avenida;3;-58,40612253;-34,60774301;Peaton;Moto;Peaton;Femenino;80;2018;11;2
2018-0119;1;5/11/2018;Noche;Avenida;8;-58,43613623;-34,66292532;Peaton;NaN;Peaton;Femenino;32;2018;11;2
2018-0120;1;9/11/2018;Tarde;Avenida;12;-58,48250732;-34,57208238;Peaton;Auto;Peaton;Femenino;51;2018;11;2
2018-0121;1;9/11/2018;Tarde;Avenida;10;-58,49945705;-34,6374328;Peaton;Pasajeros;Peaton;Femenino;72;2018;11;2
2018-0122;1;12/11/2018;Madrugada;Autopista;8;-58,47743966;-34,67233407;Auto;Auto;Conductor;Masculino;33;2018;11;2
2018-0123;1;12/11/2018;Madrugada;Gral Paz;9;-58,5025179;-34,67450313;Auto;NaN;Conductor;Masculino;25;2018;11;2
2018-0124;1;15/11/2018;Noche;Autopista;9;-58,52144411;-34,63682499;Cargas;Cargas;Conductor;Masculino;44;2018;11;2
2018-0125;1;16/11/2018;Noche;Avenida;4;-58,41650465;-34,65084045;Peaton;Pasajeros;Peaton;Masculino;29;2018;11;2
2018-0126;1;18/11/2018;Tarde;Gral Paz;9;-58,52994219;-34,64055918;Moto;Auto;Conductor;Masculino;27;2018;11;2
2018-0127;1;19/11/2018;Mañana;Gral Paz;12;-58,50993046;-34,56919739;Moto;Moto;Conductor;Masculino;29;2018;11;2
2018-0128;2;25/11/2018;Madrugada;Gral Paz;9;-58,52844623;-34,64592873;Auto;Pasajeros;Pasajero_Acompañante;Masculino;49;2018;11;2
2018-0128;2;25/11/2018;Madrugada;Gral Paz;9;-58,52844623;-34,64592873;Auto;Pasajeros;Pasajero_Acompañante;Femenino;39;2018;11;2
2018-0129;1;28/11/2018;Madrugada;Avenida;15;-58,45021367;-34,58695347;Moto;Pasajeros;Conductor;Masculino;37;2018;11;2
2018-0130;1;3/12/2018;Madrugada;Avenida;10;-58,49022072;-34,62770192;Moto;Pasajeros;Conductor;Masculino;;2018;12;2
2018-0131;1;7/12/2018;Noche;Avenida;1;-58,36860866;-34,60106568;Moto;Cargas;Conductor;Masculino;29;2018;12;2
2018-0132;1;12/12/2018;Mañana;Autopista;2;-58,39490504;-34,57241534;Peaton;Cargas;Peaton;Masculino;70;2018;12;2
2018-0133;1;12/12/2018;Tarde;Avenida;7;-58,46963952;-34,63070603;Peaton;Cargas;Peaton;Femenino;60;2018;12;2
2018-0134;1;12/12/2018;Noche;Avenida;7;-58,42349365;-34,64019887;Peaton;Moto;Peaton;Masculino;56;2018;12;2
2018-0135;1;18/12/2018;Tarde;Avenida;1;-58,37471802;-34,61265002;Peaton;Pasajeros;Peaton;Masculino;80;2018;12;2
2018-0136;1;18/12/2018;Tarde;Avenida;7;-58,46438789;-34,62913916;Peaton;Pasajeros;Peaton;Femenino;70;2018;12;2
2018-0137;1;18/12/2018;Noche;Calle;1;-58,38481975;-34,61100424;Moto;Pasajeros;Pasajero_Acompañante;Masculino;29;2018;12;2
2018-0138;1;21/12/2018;Mañana;Calle;10;-58,50751833;-34,62073702;Pasajeros;Pasajeros;Pasajero_Acompañante;Femenino;79;2018;12;2
2018-0139;1;22/12/2018;Mañana;Calle;7;-58,44682986;-34,63888084;Moto;Moto;Pasajero_Acompañante;Masculino;28;2018;12;2
2018-0140;1;22/12/2018;Mañana;Calle;1;-58,3600465;-34,61381341;Auto;Auto;Conductor;Masculino;78;2018;12;2
2018-0141;1;22/12/2018;Tarde;Avenida;5;-58,41509546;-34,62085945;Peaton;Moto;Peaton;Masculino;75;2018;12;2
2018-0142;1;25/12/2018;Tarde;Gral Paz;12;-58,50997604;-34,57251072;Cargas;Pasajeros;Pasajero_Acompañante;Masculino;32;2018;12;2
2018-0143;1;29/12/2018;Madrugada;Avenida;10;-58,48606475;-34,64047818;Moto;Auto;Conductor;Masculino;22;2018;12;2
2019-0001;1;8/01/2019;Mañana;Avenida;2;-58,38526125;-34,5780581;Moto;Cargas;Conductor;Masculino;25;2019;1;1
2019-0002;1;9/01/2019;Madrugada;Avenida;7;-58,45463662;-34,65082149;Auto;Cargas;Conductor;Masculino;32;2019;1;1
2019-0003;1;12/01/2019;Mañana;Avenida;15;-58,49121672;-34,59718073;Moto;Auto;Conductor;Masculino;23;2019;1;1
2019-0004;1;14/01/2019;Noche;Avenida;9;-58,47325712;-34,65284605;Auto;Pasajeros;Conductor;Masculino;71;2019;1;1
2019-0005;1;19/01/2019;Tarde;Avenida;10;-58,52108101;-34,63382309;Moto;Cargas;Conductor;Masculino;43;2019;1;1
2019-0006;1;23/01/2019;Madrugada;Avenida;14;-58,41652702;-34,55509606;Peaton;Auto;Peaton;Femenino;12;2019;1;1
2019-0007;1;26/01/2019;Noche;Calle;5;-58,42891604;-34,6107166;Moto;Auto;Conductor;Masculino;35;2019;1;1
2019-0008;1;30/01/2019;Noche;Gral Paz;8;-58,47802293;-34,69156793;Moto;Multiple;Conductor;Masculino;42;2019;1;1
2019-0009;1;31/01/2019;Tarde;Avenida;1;-58,37564821;-34,62200207;Moto;Auto;Conductor;Masculino;34;2019;1;1
2019-0010;2;2/02/2019;Mañana;Avenida;14;-58,42668489;-34,56961468;Peaton;Auto;Peaton;Masculino;;2019;2;1
2019-0010;2;2/02/2019;Mañana;Avenida;14;-58,42668489;-34,56961468;Peaton;Auto;Peaton;Masculino;59;2019;2;1
2019-0011;1;10/02/2019;Madrugada;Gral Paz;9;-58,5183993;-34,66252488;Peaton;Auto;Peaton;Masculino;;2019;2;1
2019-0012;1;17/02/2019;Madrugada;Avenida;8;-58,48432691;-34,67665828;Moto;Auto;Conductor;Masculino;31;2019;2;1
2019-0013;1;20/02/2019;Mañana;Calle;7;-58,4338383;-34,64457699;Peaton;Auto;Peaton;Masculino;39;2019;2;1
2019-0014;1;20/02/2019;Tarde;Calle;11;-58,51664939;-34,58657938;Moto;Objeto Fijo;Conductor;Masculino;69;2019;2;1
2019-0015;1;23/02/2019;Mañana;Avenida;11;-58,49613012;-34,59703502;Auto;Objeto Fijo;Conductor;Masculino;21;2019;2;1
2019-0016;1;24/02/2019;Madrugada;Calle;4;-58,38313603;-34,63356284;Moto;Pasajeros;Conductor;Masculino;40;2019;2;1
2019-0017;1;3/03/2019;Mañana;Calle;3;-58,39914719;-34,61632317;Auto;Pasajeros;Conductor;Masculino;22;2019;3;1
2019-0018;1;3/03/2019;Noche;Autopista;13;-58,44927253;-34,54048625;Peaton;Auto;Peaton;Femenino;29;2019;3;1
2019-0019;1;6/03/2019;Tarde;Avenida;13;-58,45049163;-34,55374003;Moto;Auto;Conductor;Masculino;;2019;3;1
2019-0020;1;7/03/2019;Noche;Avenida;5;-58,41288952;-34,63572989;Moto;Auto;Conductor;Masculino;43;2019;3;1
2019-0021;1;15/03/2019;Noche;Avenida;7;-58,45743597;-34,62561234;Moto;Auto;Conductor;Masculino;23;2019;3;1
2019-0022;1;15/03/2019;Madrugada;Avenida;1;-58,39123782;-34,62352245;Auto;NaN;Pasajero_Acompañante;Masculino;;2019;3;1
2019-0023;1;16/03/2019;Mañana;Gral Paz;9;-58,52922765;-34,63637963;Auto;Objeto Fijo;Conductor;Masculino;34;2019;3;1
2019-0024;1;19/03/2019;Mañana;Avenida;1;-58,37208118;-34,58541957;Moto;Cargas;Conductor;Masculino;32;2019;3;1
2019-0025;1;22/03/2019;Tarde;Calle;5;-58,41458534;-34,60937557;Peaton;Auto;Peaton;Masculino;27;2019;3;1
2019-0026;1;28/03/2019;Mañana;Avenida;8;-58,47976785;-34,69153196;Peaton;Pasajeros;Peaton;Masculino;;2019;3;1
2019-0027;1;28/03/2019;Mañana;Avenida;2;-58,39990285;-34,59511714;Bicicleta;Multiple;Ciclista;Masculino;37;2019;3;1
2019-0028;1;6/04/2019;Mañana;Avenida;11;-58,46051346;-34,60588536;Peaton;Pasajeros;Peaton;Femenino;;2019;4;1
2019-0029;1;7/04/2019;Mañana;Avenida;8;-58,47976785;-34,69153196;Moto;Objeto Fijo;Conductor;Masculino;27;2019;4;1
2019-0030;1;9/04/2019;Tarde;Calle;7;-58,45457546;-34,62447891;Moto;Cargas;Conductor;Masculino;25;2019;4;1
2019-0031;1;12/04/2019;Noche;Avenida;1;-58,36951669;-34,59832047;Bicicleta;Cargas;Ciclista;Masculino;20;2019;4;1
2019-0032;1;16/04/2019;Mañana;Avenida;11;-58,46415322;-34,6044379;Peaton;Auto;Peaton;Femenino;83;2019;4;1
2019-0033;1;18/04/2019;Madrugada;Autopista;1;-58,36607137;-34,62150748;Moto;NaN;Conductor;Masculino;25;2019;4;1
2019-0034;1;21/04/2019;Mañana;Avenida;7;-58,45537373;-34,65093074;Moto;Objeto Fijo;Conductor;Masculino;;2019;4;1
2019-0035;1;23/04/2019;Tarde;Calle;1;-58,37942637;-34,60053054;Peaton;Bicicleta;Peaton;Femenino;75;2019;4;1
2019-0036;1;26/04/2019;Noche;Calle;6;-58,4368044;-34,62147504;Moto;Auto;Conductor;Masculino;34;2019;4;1
2019-0037;1;1/05/2019;Noche;Avenida;3;-58,40778291;-34,61971907;Moto;Auto;Conductor;Masculino;17;2019;5;1
2019-0038;1;4/05/2019;Tarde;Avenida;13;-58,45212523;-34,54628513;Peaton;Moto;Peaton;Femenino;42;2019;5;1
2019-0039;1;9/05/2019;Madrugada;Avenida;7;-58,46749188;-34,63551751;Moto;Auto;Conductor;Masculino;82;2019;5;1
2019-0040;1;9/05/2019;Tarde;Calle;7;-58,4426358;-34,63679732;Moto;NaN;Conductor;Masculino;28;2019;5;1
2019-0041;1;11/05/2019;Noche;Avenida;9;-58,51140289;-34,65846419;Auto;Multiple;Pasajero_Acompañante;Femenino;44;2019;5;1
2019-0042;1;14/05/2019;Tarde;Calle;1;-58,38211431;-34,62465368;Peaton;Pasajeros;Peaton;Masculino;78;2019;5;1
2019-0043;1;21/05/2019;Mañana;Avenida;1;-58,36951669;-34,59832047;Bicicleta;Cargas;Ciclista;Femenino;39;2019;5;1
2019-0044;1;27/05/2019;Tarde;Avenida;5;-58,41635217;-34,62036547;Peaton;Moto;Peaton;Femenino;;2019;5;1
2019-0045;1;3/06/2019;Mañana;Avenida;14;-58,41316147;-34,57579669;Moto;Cargas;Conductor;Masculino;77;2019;6;1
2019-0046;1;4/06/2019;Mañana;Gral Paz;13;-58,47617802;-34,53825652;Moto;Auto;Pasajero_Acompañante;Femenino;33;2019;6;1
2019-0047;1;6/06/2019;Mañana;Avenida;4;-58,38641783;-34,63330028;Peaton;Cargas;Peaton;Masculino;26;2019;6;1
2019-0048;1;7/06/2019;Mañana;Avenida;6;-58,45322169;-34,62038137;Moto;Cargas;Conductor;Masculino;76;2019;6;1
2019-0049;1;8/06/2019;Mañana;Calle;13;-58,45849057;-34,56166498;Peaton;Cargas;Peaton;Femenino;32;2019;6;1
2019-0050;1;8/06/2019;Noche;Avenida;14;-58,41829559;-34,59411677;Moto;Cargas;Conductor;Masculino;72;2019;6;1
2019-0051;1;11/06/2019;Mañana;Calle;4;-58,36376488;-34,63832093;Moto;Auto;Conductor;Masculino;21;2019;6;1
2019-0053;1;14/06/2019;Tarde;Avenida;8;-58,46442668;-34,66004784;Auto;Auto;Pasajero_Acompañante;Masculino;41;2019;6;1
2019-0054;1;20/06/2019;Madrugada;Calle;15;-58,48222035;-34,58428769;Moto;Objeto Fijo;Conductor;Masculino;49;2019;6;1
2019-0055;1;20/06/2019;Noche;Avenida;1;-58,36819005;-34,60283208;Moto;Pasajeros;Conductor;Masculino;21;2019;6;1
2019-0056;1;29/06/2019;Tarde;Avenida;7;-58,45877601;-34,62330939;Peaton;Auto;Peaton;Femenino;47;2019;6;1
2019-0057;1;5/07/2019;Noche;Calle;13;-58,44196498;-34,55760517;Peaton;Auto;Peaton;Femenino;75;2019;7;2
2019-0058;1;10/07/2019;Mañana;Autopista;10;-58,50622631;-34,63627822;Moto;Pasajeros;Conductor;Masculino;63;2019;7;2
2019-0059;1;13/07/2019;Noche;Calle;1;-58,3841088;-34,63099197;Moto;Pasajeros;Conductor;Masculino;39;2019;7;2
2019-0060;1;17/07/2019;Mañana;Avenida;10;-58,48100602;-34,63504312;Peaton;Auto;Peaton;Femenino;30;2019;7;2
2019-0061;1;17/07/2019;Noche;Calle;13;-58,45200171;-34,5578132;Peaton;Pasajeros;Peaton;Femenino;78;2019;7;2
2019-0062;1;1/08/2019;Noche;Avenida;13;-58,44462132;-34,56201105;Peaton;Pasajeros;Peaton;Femenino;58;2019;8;2
2019-0063;1;4/08/2019;Madrugada;Avenida;15;-58,45220688;-34,58711712;Moto;Pasajeros;Pasajero_Acompañante;Masculino;60;2019;8;2
2019-0064;1;6/08/2019;Madrugada;Avenida;7;-58,4596221;-34,6224514;Moto;Auto;Conductor;Masculino;;2019;8;2
2019-0065;1;8/08/2019;Tarde;Calle;4;-58,4197085;-34,65414867;Peaton;Pasajeros;Peaton;Femenino;20;2019;8;2
2019-0066;1;11/08/2019;Noche;Avenida;7;-58,44187596;-34,64938031;Peaton;Auto;Peaton;Masculino;55;2019;8;2
2019-0067;1;14/08/2019;Tarde;Calle;10;-58,49101637;-34,64276621;Moto;Cargas;Conductor;Masculino;40;2019;8;2
2019-0068;1;14/08/2019;Tarde;Avenida;8;-58,42493829;-34,66256502;Moto;Moto;Conductor;Masculino;35;2019;8;2
2019-0069;1;17/08/2019;Madrugada;Avenida;4;-58,40489318;-34,62930162;Moto;Auto;Conductor;Masculino;53;2019;8;2
2019-0070;1;22/08/2019;Tarde;Avenida;14;-58,4268668;-34,59217875;Moto;Bicicleta;Conductor;Masculino;43;2019;8;2
2019-0071;1;27/08/2019;Mañana;Avenida;9;-58,479611;-34,65620398;Peaton;Cargas;Peaton;Masculino;25;2019;8;2
2019-0072;1;28/08/2019;Mañana;Avenida;10;-58,47439934;-34,63524207;Auto;Auto;Conductor;Masculino;;2019;8;2
2019-0073;1;29/08/2019;Madrugada;Avenida;15;-58,46711912;-34,57926018;Auto;Objeto Fijo;Conductor;Masculino;22;2019;8;2
2019-0074;1;29/08/2019;Mañana;Autopista;13;-58,46514781;-34,53465378;Moto;Cargas;Conductor;Masculino;29;2019;8;2
2019-0075;1;30/08/2019;Noche;Calle;4;-58,37571078;-34,65584079;Moto;Pasajeros;Conductor;Masculino;35;2019;8;2
2019-0076;1;5/09/2019;Noche;Autopista;4;-58,37157668;-34,65429986;Moto;Cargas;Conductor;Femenino;31;2019;9;2
2019-0077;1;8/09/2019;Madrugada;Avenida;14;-58,39811256;-34,58070186;Peaton;Auto;Peaton;Femenino;29;2019;9;2
2019-0078;1;12/09/2019;Mañana;Avenida;4;-58,41125934;-34,6541774;Peaton;Cargas;Peaton;Femenino;28;2019;9;2
2019-0079;1;17/09/2019;Madrugada;Calle;5;-58,41822901;-34,61866836;Moto;Pasajeros;Conductor;Masculino;72;2019;9;2
2019-0080;1;17/09/2019;Noche;Gral Paz;13;-58,47617802;-34,53825652;Peaton;Moto;Peaton;Masculino;57;2019;9;2
2019-0081;1;23/09/2019;Tarde;Avenida;15;-58,46141281;-34,58623761;Peaton;Pasajeros;Peaton;Masculino;76;2019;9;2
2019-0082;1;25/09/2019;Mañana;Avenida;8;-58,42985146;-34,6611974;Bicicleta;Cargas;Ciclista;Masculino;67;2019;9;2
2019-0083;1;26/09/2019;Mañana;Calle;9;-58,48457413;-34,6583909;Auto;Auto;Conductor;Masculino;47;2019;9;2
2019-0084;1;27/09/2019;Mañana;Calle;7;-58,46572884;-34,63628186;Bicicleta;Cargas;Ciclista;Femenino;73;2019;9;2
2019-0085;1;9/10/2019;Noche;Calle;10;-58,49261744;-34,6341913;Bicicleta;Tren;Ciclista;Masculino;40;2019;10;2
2019-0086;1;15/10/2019;Tarde;Avenida;15;-58,45283186;-34,5884156;Moto;Pasajeros;Conductor;Masculino;20;2019;10;2
2019-0087;1;21/10/2019;Noche;Avenida;12;-58,47973681;-34,57418656;Moto;Moto;Conductor;Masculino;29;2019;10;2
2019-0088;1;22/10/2019;Noche;Avenida;4;-58,40623949;-34,65076549;Peaton;Pasajeros;Peaton;Masculino;41;2019;10;2
2019-0089;1;23/10/2019;Tarde;Avenida;4;-58,36244648;-34,63107887;Peaton;Cargas;Peaton;Femenino;27;2019;10;2
2019-0090;1;24/10/2019;Noche;Avenida;9;-58,49962423;-34,64868027;Peaton;Moto;Peaton;Masculino;92;2019;10;2
2019-0091;1;1/11/2019;Noche;Avenida;15;-58,44551437;-34,59559816;Peaton;Pasajeros;Peaton;Masculino;67;2019;11;2
2019-0092;1;3/11/2019;Mañana;Calle;4;-58,35608181;-34,63420319;Peaton;Pasajeros;Peaton;Masculino;35;2019;11;2
2019-0093;1;13/11/2019;Mañana;Avenida;11;-58,46483679;-34,60907662;Bicicleta;Otro;Ciclista;Masculino;37;2019;11;2
2019-0094;1;18/11/2019;Tarde;Calle;15;-58,44368628;-34,59724326;Moto;Otro;Pasajero_Acompañante;Femenino;16;2019;11;2
2019-0095;1;20/11/2019;Tarde;Autopista;1;-58,37864583;-34,62907067;Moto;Cargas;Conductor;Masculino;;2019;11;2
2019-0096;1;22/11/2019;Noche;Avenida;1;-58,37560352;-34,62726382;Peaton;Pasajeros;Peaton;Masculino;;2019;11;2
2019-0097;1;25/11/2019;Mañana;Autopista;9;-58,47721439;-34,64815069;Moto;Multiple;Pasajero_Acompañante;Femenino;73;2019;11;2
2019-0098;1;25/11/2019;Tarde;Avenida;15;-58,45134029;-34,58984288;Pasajeros;Pasajeros;Pasajero_Acompañante;Femenino;23;2019;11;2
2019-0100;1;5/12/2019;Tarde;Avenida;12;-58,49040794;-34,58368803;Moto;Auto;Conductor;Masculino;61;2019;12;2
2019-0101;1;17/12/2019;Madrugada;Avenida;4;-58,42102679;-34,64991178;Moto;Moto;Conductor;Masculino;38;2019;12;2
2019-0102;1;17/12/2019;Tarde;Calle;9;-58,52219407;-34,64143926;Moto;Auto;Conductor;Masculino;25;2019;12;2
2019-0103;1;18/12/2019;NaN;Gral Paz;11;-58,52169422;-34,5947164;Moto;Moto;Conductor;Masculino;18;2019;12;2
2019-0104;1;21/12/2019;Madrugada;Avenida;10;-58,47460416;-34,63206174;Moto;Auto;Pasajero_Acompañante;Femenino;24;2019;12;2
2019-0105;1;5/05/2019;Mañana;Avenida;10;-58,50512382;-34,61520391;Peaton;Auto;Peaton;Femenino;23;2019;5;1
2020-0001;1;4/01/2020;Mañana;Calle;15;-58,43910409;-34,59213355;Peaton;Auto;Peaton;Femenino;87;2020;1;1
2020-0002;1;5/01/2020;Noche;Avenida;7;-58,45019436;-34,64646409;Moto;Objeto Fijo;Conductor;Masculino;36;2020;1;1
2020-0003;1;11/01/2020;Mañana;Avenida;3;-58,39337644;-34,60927582;Peaton;Auto;Peaton;Masculino;44;2020;1;1
2020-0004;1;14/01/2020;Noche;Avenida;1;-58,39055614;-34,60919284;Peaton;Pasajeros;Peaton;Masculino;82;2020;1;1
2020-0005;1;14/01/2020;Mañana;Avenida;3;-58,41036975;-34,62477021;Moto;Pasajeros;Conductor;Masculino;25;2020;1;1
2020-0006;1;20/01/2020;Tarde;Avenida;8;-58,44925765;-34,65412546;Moto;Cargas;Conductor;Masculino;23;2020;1;1
2020-0007;1;27/01/2020;Madrugada;Calle;1;-58,3815685;-34,61648696;Peaton;Moto;Peaton;Masculino;52;2020;1;1
2020-0008;1;30/01/2020;Mañana;Avenida;2;-58,40662899;-34,59804521;Moto;Cargas;Conductor;Masculino;49;2020;1;1
2020-0009;1;4/02/2020;Tarde;Calle;5;-58,41985649;-34,6060085;Peaton;Auto;Peaton;Masculino;48;2020;2;1
2020-0010;1;8/02/2020;Madrugada;Avenida;1;-58,38099833;-34,62214953;Moto;Objeto Fijo;Conductor;Masculino;;2020;2;1
2020-0011;1;12/02/2020;Mañana;Calle;5;-58,41803309;-34,61823178;Moto;Cargas;Conductor;Masculino;31;2020;2;1
2020-0012;1;18/02/2020;Noche;Calle;3;-58,40604003;-34,61783553;Peaton;Moto;Peaton;Femenino;66;2020;2;1
2020-0013;1;20/02/2020;Tarde;Avenida;15;-58,47549929;-34,57994061;Peaton;Moto;Peaton;Femenino;58;2020;2;1
2020-0014;1;27/02/2020;Madrugada;Calle;11;-58,51398484;-34,61600366;Moto;Pasajeros;Conductor;Masculino;;2020;2;1
2020-0015;1;28/02/2020;Tarde;Avenida;1;-58,36797542;-34,62519403;Moto;Pasajeros;Conductor;Masculino;29;2020;2;1
2020-0016;1;29/02/2020;Tarde;Avenida;1;-58,37133616;-34,59879316;Peaton;Pasajeros;Peaton;Masculino;68;2020;2;1
2020-0017;1;5/03/2020;Noche;Avenida;3;-58,39613805;-34,61413568;Peaton;Auto;Peaton;Masculino;;2020;3;1
2020-0018;1;9/03/2020;Tarde;Avenida;13;-58,44903073;-34,54200276;Moto;Objeto Fijo;Conductor;Masculino;31;2020;3;1
2020-0019;1;10/03/2020;Noche;Calle;5;-58,41972364;-34,6284667;Peaton;Auto;Peaton;Femenino;80;2020;3;1
2020-0020;1;13/03/2020;Tarde;Avenida;3;-58,40571596;-34,60557123;Peaton;Moto;Peaton;Femenino;74;2020;3;1
2020-0021;1;14/03/2020;Tarde;Calle;2;-58,4145159;-34,59488319;Peaton;Auto;Peaton;Femenino;87;2020;3;1
2020-0022;1;7/04/2020;Mañana;Autopista;9;-58,47297505;-34,66245085;Auto;Cargas;Pasajero_Acompañante;Masculino;44;2020;4;1
2020-0023;1;9/04/2020;Noche;Avenida;4;-58,35791192;-34,63695178;Auto;Cargas;Conductor;Masculino;44;2020;4;1
2020-0024;1;24/04/2020;Mañana;Calle;9;-58,50801713;-34,65177305;Auto;Auto;Conductor;Masculino;53;2020;4;1
2020-0025;1;12/05/2020;Madrugada;Avenida;3;-58,40258477;-34,60975108;Peaton;Auto;Peaton;Masculino;;2020;5;1
2020-0026;1;17/05/2020;Mañana;Autopista;14;-58,45273;-34,56366;Moto;Objeto Fijo;Conductor;Masculino;28;2020;5;1
2020-0027;1;18/05/2020;Mañana;Avenida;8;-58,48267426;-34,68454456;Peaton;Cargas;Peaton;Masculino;76;2020;5;1
2020-0028;1;19/05/2020;Mañana;Avenida;15;-58,44248936;-34,60221948;Peaton;Pasajeros;Peaton;Masculino;91;2020;5;1
2020-0029;1;10/06/2020;Tarde;Gral Paz;9;-58,52909134;-34,63886726;Peaton;Pasajeros;Peaton;Masculino;80;2020;6;1
2020-0030;1;16/06/2020;Tarde;Avenida;6;-58,45158942;-34,6064658;Moto;Multiple;Conductor;Masculino;40;2020;6;1
2020-0031;1;30/06/2020;Mañana;Avenida;9;-58,49344309;-34,65788529;Moto;Cargas;Conductor;Masculino;29;2020;6;1
2020-0032;1;10/07/2020;Noche;Avenida;15;-58,44259166;-34,59635137;Moto;Auto;Conductor;Masculino;21;2020;7;2
2020-0033;1;19/07/2020;Mañana;Gral Paz;13;-58,46743471;-34,53476874;Auto;Objeto Fijo;Conductor;Masculino;32;2020;7;2
2020-0034;1;2/08/2020;Madrugada;Calle;3;-58,41178158;-34,60922259;Peaton;Auto;Peaton;Femenino;;2020;8;2
2020-0035;1;4/08/2020;Madrugada;Autopista;7;-58,45068621;-34,63638927;Moto;Pasajeros;Conductor;Masculino;40;2020;8;2
2020-0036;1;7/08/2020;Noche;Avenida;14;-58,42016954;-34,5877879;Peaton;Moto;Peaton;Masculino;72;2020;8;2
2020-0037;1;29/08/2020;Madrugada;Avenida;8;-58,43850413;-34,65554754;Peaton;Auto;Peaton;Masculino;38;2020;8;2
2020-0038;2;30/08/2020;Madrugada;Avenida;14;-58,40617526;-34,58345898;Auto;Auto;Conductor;Masculino;46;2020;8;2
2020-0038;2;30/08/2020;Madrugada;Avenida;14;-58,40617526;-34,58345898;Auto;Auto;Conductor;Masculino;64;2020;8;2
2020-0039;1;1/09/2020;Noche;Calle;9;-58,4932;-34,6632;Peaton;Cargas;Peaton;Masculino;44;2020;9;2
2020-0040;1;12/09/2020;Madrugada;Avenida;2;-58,38526125;-34,5780581;Auto;Objeto Fijo;Conductor;Masculino;;2020;9;2
2020-0041;1;28/09/2020;Madrugada;Avenida;7;-58,4475047;-34,63491705;Moto;Pasajeros;Conductor;Masculino;34;2020;9;2
2020-0042;1;29/09/2020;Tarde;Avenida;8;-58,46745752;-34,68192648;Peaton;Pasajeros;Peaton;Femenino;53;2020;9;2
2020-0043;1;30/09/2020;Tarde;Avenida;1;-58,37202621;-34,59717942;Peaton;Pasajeros;Peaton;Masculino;64;2020;9;2
2020-0044;1;5/10/2020;Madrugada;Avenida;6;-58,42779702;-34,62207347;Auto;Auto;Conductor;Masculino;43;2020;10;2
2020-0045;1;19/10/2020;Madrugada;Gral Paz;8;-58,46244952;-34,70524971;Auto;Cargas;Conductor;Masculino;50;2020;10;2
2020-0046;1;27/10/2020;Noche;Avenida;11;-58,4844016;-34,60776782;Moto;Moto;Conductor;Masculino;41;2020;10;2
2020-0047;1;27/10/2020;Tarde;Autopista;9;-58,46668375;-34,65174801;Peaton;Cargas;Peaton;Masculino;15;2020;10;2
2020-0048;1;29/10/2020;Noche;Avenida;15;-58,4495878;-34,59322448;Moto;Objeto Fijo;Conductor;Masculino;41;2020;10;2
2020-0049;1;30/10/2020;Noche;Avenida;1;-58,37533517;-34,59276462;Peaton;Auto;Peaton;Masculino;36;2020;10;2
2020-0050;1;1/11/2020;Noche;Avenida;14;-58,42525456;-34,57866344;Peaton;Moto;Peaton;Femenino;28;2020;11;2
2020-0051;1;5/11/2020;Madrugada;Avenida;10;-58,48493828;-34,62981124;Moto;Auto;Conductor;Masculino;49;2020;11;2
2020-0052;1;7/11/2020;Mañana;Avenida;3;-58,40480504;-34,60183884;Bicicleta;Cargas;Ciclista;Masculino;44;2020;11;2
2020-0053;1;9/11/2020;Madrugada;Avenida;4;-58,41125934;-34,6541774;Auto;Auto;Pasajero_Acompañante;Masculino;27;2020;11;2
2020-0054;1;19/11/2020;Mañana;Calle;4;-58,39956546;-34,6297708;Bicicleta;Auto;Ciclista;Masculino;59;2020;11;2
2020-0055;1;19/11/2020;Tarde;Avenida;12;-58,49005682;-34,5786897;Peaton;Cargas;Peaton;Masculino;91;2020;11;2
2020-0056;1;21/11/2020;Tarde;Gral Paz;8;-58,47064556;-34,69843756;Moto;Cargas;Conductor;Femenino;34;2020;11;2
2020-0057;1;23/11/2020;Mañana;Avenida;11;-58,4750156;-34,61945902;Peaton;Auto;Peaton;Masculino;84;2020;11;2
2020-0058;1;24/11/2020;Tarde;Avenida;10;-58,48727942;-34,63652467;Peaton;Auto;Peaton;Masculino;57;2020;11;2
2020-0059;1;1/12/2020;Mañana;Calle;1;-58,3795169;-34,62794241;Peaton;Pasajeros;Peaton;Femenino;49;2020;12;2
2020-0060;1;3/12/2020;Noche;Avenida;9;-58,47750832;-34,65672199;Peaton;Moto;Peaton;Femenino;69;2020;12;2
2020-0061;1;3/12/2020;Tarde;Autopista;13;-58,44927253;-34,54048625;Moto;Cargas;Conductor;Masculino;45;2020;12;2
2020-0062;1;4/12/2020;Tarde;Calle;3;-58,39246272;-34,61253541;Bicicleta;Pasajeros;Ciclista;Masculino;47;2020;12;2
2020-0063;2;5/12/2020;Mañana;Calle;11;-58,52783814;-34,61047001;Peaton_Moto;Moto;Peaton;Masculino;38;2020;12;2
2020-0063;2;5/12/2020;Mañana;Calle;11;-58,52783814;-34,61047001;Peaton_Moto;Moto;Pasajero_Acompañante;Masculino;21;2020;12;2
2020-0065;1;5/12/2020;Tarde;Gral Paz;12;-58,49332664;-34,54836855;Moto;Auto;Conductor;Masculino;24;2020;12;2
2020-0066;1;7/12/2020;Madrugada;Autopista;10;-58,50178784;-34,63593897;Moto;Objeto Fijo;Conductor;Masculino;27;2020;12;2
2020-0067;1;11/12/2020;Noche;Avenida;4;-58,41657793;-34,65476216;Peaton;Pasajeros;Peaton;Masculino;51;2020;12;2
2020-0068;1;12/12/2020;Noche;Avenida;2;-58,39731474;-34,58307887;Moto;Auto;Conductor;Masculino;71;2020;12;2
2020-0069;1;15/12/2020;Madrugada;Avenida;1;-58,38746381;-34,61790839;Moto;Pasajeros;Pasajero_Acompañante;Masculino;25;2020;12;2
2020-0070;1;17/12/2020;Tarde;Avenida;2;-58,39189441;-34,59176378;Peaton;Pasajeros;Peaton;Femenino;81;2020;12;2
2020-0071;1;17/12/2020;Noche;Avenida;7;-58,46749188;-34,63551751;Peaton;Auto;Peaton;Masculino;4;2020;12;2
2020-0072;1;19/12/2020;Madrugada;Avenida;3;-58,40280471;-34,62113271;Bicicleta;Auto;Ciclista;Masculino;42;2020;12;2
2020-0073;1;20/12/2020;Mañana;Avenida;8;-58,44451316;-34,68475866;Moto;Objeto Fijo;Conductor;Masculino;56;2020;12;2
2020-0074;1;20/12/2020;Noche;Avenida;7;-58,47110424;-34,62742408;Auto;Auto;Conductor;Masculino;39;2020;12;2
2020-0075;1;23/12/2020;Tarde;Avenida;1;-58,38220928;-34,60373898;Peaton;Pasajeros;Peaton;Masculino;23;2020;12;2
2020-0076;1;24/12/2020;Tarde;Avenida;10;-58,49794468;-34,61565025;Auto;Pasajeros;Conductor;Femenino;78;2020;12;2
2020-0077;2;25/12/2020;Mañana;Avenida;15;-58,47220945;-34,60111373;Moto;Auto;Conductor;Femenino;30;2020;12;2
2020-0077;2;25/12/2020;Mañana;Avenida;15;-58,47220945;-34,60111373;Moto;Auto;Pasajero_Acompañante;Femenino;24;2020;12;2
2020-0078;1;25/12/2020;Madrugada;Calle;7;-58,43706741;-34,63217813;Bicicleta;Pasajeros;Ciclista;Masculino;26;2020;12;2
2020-0079;1;27/12/2020;Madrugada;Gral Paz;12;-58,49332664;-34,54836855;Moto;Objeto Fijo;Conductor;Masculino;28;2020;12;2
2021-0001;1;6/01/2021;Noche;Autopista;1;-58,37960727;-34,62622851;Moto;Auto;Conductor;Masculino;36;2021;1;1
2021-0002;1;7/01/2021;Mañana;Avenida;9;-58,51061062;-34,64972472;Moto;Cargas;Conductor;Femenino;47;2021;1;1
2021-0003;1;10/01/2021;Mañana;Autopista;7;-58,43052224;-34,62941648;Moto;Objeto Fijo;Conductor;Masculino;27;2021;1;1
2021-0004;1;11/01/2021;Mañana;Avenida;5;-58,41455544;-34,63866836;Peaton;Cargas;Peaton;Femenino;61;2021;1;1
2021-0005;1;11/01/2021;Noche;Avenida;9;-58,46774439;-34,64730145;Peaton;Auto;Peaton;Masculino;73;2021;1;1
2021-0006;1;12/01/2021;Noche;Autopista;14;-58,40786274;-34,56726817;Moto;Cargas;Pasajero_Acompañante;Femenino;23;2021;1;1
2021-0007;1;18/01/2021;Mañana;Avenida;15;-58,48744301;-34,58622275;Moto;Moto;Conductor;Masculino;84;2021;1;1
2021-0008;1;22/01/2021;Noche;Avenida;4;-58,41657793;-34,65476216;Peaton;Pasajeros;Peaton;Masculino;28;2021;1;1
2021-0009;1;23/01/2021;Madrugada;Avenida;6;-58,45351111;-34,61134937;Moto;Objeto Fijo;Conductor;Masculino;31;2021;1;1
2021-0010;1;23/01/2021;Mañana;Gral Paz;12;-58,5007381;-34,5497951;Moto;Auto;Conductor;Masculino;28;2021;1;1
2021-0011;1;27/01/2021;Madrugada;Avenida;2;-58,39144148;-34,59564871;Peaton;Auto;Peaton;Masculino;21;2021;1;1
2021-0012;1;29/01/2021;Noche;Autopista;8;-58,48191128;-34,68385968;Peaton;Auto;Peaton;Masculino;;2021;1;1
2021-0013;1;31/01/2021;Mañana;Avenida;10;-58,48727942;-34,63652467;Moto;Objeto Fijo;Conductor;Masculino;41;2021;1;1
2021-0014;1;2/02/2021;Madrugada;Avenida;15;-58,48328708;-34,59779521;Peaton;Auto;Peaton;Masculino;28;2021;2;1
2021-0015;1;6/02/2021;Madrugada;Avenida;15;-58,49018543;-34,5972499;Moto;Objeto Fijo;Conductor;Masculino;26;2021;2;1
2021-0016;1;14/02/2021;Madrugada;Avenida;8;-58,47230127;-34,68482689;Auto;Objeto Fijo;Conductor;Masculino;22;2021;2;1
2021-0017;1;17/02/2021;Madrugada;Avenida;1;-58,38262614;-34,63168269;Moto;Pasajeros;Conductor;Masculino;33;2021;2;1
2021-0018;1;20/02/2021;Noche;Calle;3;-58,41047268;-34,60793518;Peaton;Auto;Peaton;Masculino;36;2021;2;1
2021-0019;1;21/02/2021;Madrugada;Avenida;12;-58,49659234;-34,56353635;Moto;Objeto Fijo;Conductor;Masculino;30;2021;2;1
2021-0020;1;21/02/2021;Tarde;Calle;5;-58,42462955;-34,60727189;Peaton;Cargas;Peaton;Femenino;;2021;2;1
2021-0021;1;26/02/2021;Madrugada;Calle;3;-58,41168345;-34,61185625;Moto;Objeto Fijo;Conductor;Masculino;39;2021;2;1
2021-0022;1;28/02/2021;Tarde;Avenida;13;-58,45157681;-34,55217303;Pasajeros;NaN;Pasajero_Acompañante;Masculino;68;2021;2;1
2021-0023;1;1/03/2021;Mañana;Autopista;4;-58,35247;-34,61986;Moto;Cargas;Conductor;Masculino;24;2021;3;1
2021-0024;1;3/03/2021;Tarde;Avenida;9;-58,49573651;-34,67006054;Bicicleta;Cargas;Ciclista;Masculino;5;2021;3;1
2021-0025;1;11/03/2021;Madrugada;Gral Paz;8;-58,48695354;-34,68795245;Moto;Otro;Conductor;Masculino;37;2021;3;1
2021-0026;1;15/03/2021;Madrugada;Autopista;4;-58,37562539;-34,64449357;Moto;Objeto Fijo;Conductor;Masculino;36;2021;3;1
2021-0027;1;16/03/2021;Tarde;Gral Paz;12;-58,49491054;-34,54795581;Moto;Cargas;Conductor;Femenino;19;2021;3;1
2021-0028;1;29/03/2021;Tarde;Avenida;7;-58,44147621;-34,64357704;Peaton;Pasajeros;Peaton;Masculino;;2021;3;1
2021-0029;1;31/03/2021;Noche;Avenida;7;-58,46899119;-34,63215432;Auto;Auto;Conductor;Masculino;26;2021;3;1
2021-0030;1;3/04/2021;Noche;Calle;4;-58,38685612;-34,63455776;Peaton;Pasajeros;Peaton;Masculino;36;2021;4;1
2021-0031;1;7/04/2021;Mañana;Avenida;1;-58,38113667;-34,61765323;Peaton;Cargas;Peaton;Femenino;68;2021;4;1
2021-0032;1;10/04/2021;Noche;Autopista;13;-58,44112678;-34,54538956;Peaton;Moto;Peaton;Masculino;60;2021;4;1
2021-0033;1;14/04/2021;Tarde;Autopista;5;-58,41595919;-34,62743346;Auto;Objeto Fijo;Conductor;Masculino;33;2021;4;1
2021-0034;1;19/04/2021;Tarde;Avenida;4;-58,40184094;-34,64546845;Moto;Cargas;Pasajero_Acompañante;Femenino;26;2021;4;1
2021-0035;1;3/05/2021;Mañana;Avenida;8;-58,44642231;-34,65679806;Moto;Cargas;Conductor;Masculino;24;2021;5;1
2021-0036;1;9/05/2021;Mañana;Gral Paz;11;-58,52340614;-34,59798754;Moto;Objeto Fijo;Conductor;Masculino;36;2021;5;1
2021-0037;1;11/05/2021;Mañana;Avenida;13;-58,46649069;-34,56219075;Peaton;Pasajeros;Peaton;Femenino;58;2021;5;1
2021-0038;1;14/05/2021;Mañana;Avenida;14;-58,42653328;-34,57816791;Moto;Cargas;Conductor;Femenino;44;2021;5;1
2021-0039;1;15/05/2021;Tarde;Avenida;9;-58,50407099;-34,65303372;Bicicleta;Auto;Ciclista;Masculino;86;2021;5;1
2021-0040;1;20/05/2021;Madrugada;Gral Paz;13;-58,46743471;-34,53476874;Moto;Auto;Conductor;Masculino;27;2021;5;1
2021-0041;1;20/05/2021;Mañana;Avenida;14;-58,40986646;-34,5772806;Peaton;Pasajeros;Peaton;Masculino;75;2021;5;1
2021-0042;1;21/05/2021;Madrugada;Avenida;9;-58,51739138;-34,63931792;Peaton;Pasajeros;Peaton;Masculino;39;2021;5;1
2021-0043;1;22/05/2021;Noche;Avenida;9;-58,50719962;-34,65556223;Peaton;Auto;Peaton;Masculino;50;2021;5;1
2021-0044;1;25/05/2021;Madrugada;Avenida;9;-58,46712311;-34,64600222;Moto;Objeto Fijo;Pasajero_Acompañante;Masculino;21;2021;5;1
2021-0045;1;26/05/2021;Tarde;Autopista;4;-58,37709334;-34,64035082;Moto;Multiple;Conductor;Masculino;22;2021;5;1
2021-0046;1;31/05/2021;Madrugada;Avenida;15;-58,46033141;-34,58569883;Auto;Objeto Fijo;Pasajero_Acompañante;Masculino;20;2021;5;1
2021-0047;1;2/06/2021;Tarde;Avenida;4;-58,42190745;-34,65633192;Moto;Auto;Conductor;Masculino;59;2021;6;1
2021-0048;1;3/06/2021;Mañana;Avenida;12;-58,49026573;-34,5698141;Bicicleta;Auto;Ciclista;Masculino;44;2021;6;1
2021-0049;1;3/06/2021;Noche;Avenida;8;-58,45410344;-34,66902702;Auto;Auto;Conductor;Masculino;74;2021;6;1
2021-0050;1;10/06/2021;Tarde;Avenida;13;-58,44751621;-34,55719892;Moto;Pasajeros;Conductor;Masculino;56;2021;6;1
2021-0051;1;15/06/2021;Noche;Avenida;4;-58,42040352;-34,66005171;Peaton;Cargas;Peaton;Masculino;73;2021;6;1
2021-0052;1;20/06/2021;Madrugada;Gral Paz;8;-58,49530249;-34,68010798;Moto;Objeto Fijo;Pasajero_Acompañante;Femenino;19;2021;6;1
2021-0053;1;20/06/2021;Tarde;Avenida;15;-58,44399875;-34,5947736;Peaton;Bicicleta;Peaton;Masculino;58;2021;6;1
2021-0054;1;22/06/2021;Tarde;Calle;4;-58,42759813;-34,65463857;Moto;Cargas;Conductor;Masculino;41;2021;6;1
2021-0055;1;29/06/2021;Tarde;Avenida;3;-58,40547222;-34,60456293;Moto;Cargas;Pasajero_Acompañante;Masculino;47;2021;6;1
2021-0056;1;9/07/2021;Noche;Avenida;4;-58,42473018;-34,6500828;Bicicleta;Auto;Ciclista;Masculino;60;2021;7;2
2021-0057;1;10/07/2021;Noche;Autopista;2;-58,39257023;-34,57563957;Auto;Objeto Fijo;Conductor;Masculino;46;2021;7;2
2021-0058;1;21/07/2021;Madrugada;Gral Paz;12;-58,48941042;-34,54596153;Peaton;Auto;Peaton;Masculino;24;2021;7;2
2021-0059;1;22/07/2021;Madrugada;Avenida;3;-58,3964074;-34,62783085;Auto;Objeto Fijo;Pasajero_Acompañante;Femenino;44;2021;7;2
2021-0060;1;22/07/2021;Tarde;Avenida;5;-58,41971993;-34,6111224;Peaton;Pasajeros;Peaton;Femenino;80;2021;7;2
2021-0061;1;24/07/2021;Mañana;Avenida;4;-58,40544588;-34,65012801;Peaton;Cargas;Peaton;Femenino;55;2021;7;2
2021-0062;1;27/07/2021;Mañana;Avenida;4;-58,42003882;-34,64645957;Auto;Cargas;Conductor;Masculino;73;2021;7;2
2021-0063;1;2/08/2021;Madrugada;Avenida;7;-58,46851293;-34,63348678;Auto;Auto;Pasajero_Acompañante;Femenino;31;2021;8;2
2021-0064;1;2/08/2021;Noche;Gral Paz;9;-58,52931141;-34,65422917;Peaton;Cargas;Peaton;Masculino;37;2021;8;2
2021-0065;1;6/08/2021;Mañana;Avenida;6;-58,42675754;-34,6269973;Peaton;Pasajeros;Peaton;Femenino;63;2021;8;2
2021-0066;1;6/08/2021;Noche;Avenida;11;-58,52933723;-34,61098186;Peaton;Pasajeros;Peaton;Masculino;59;2021;8;2
2021-0067;1;8/08/2021;Mañana;Autopista;1;-58,37910943;-34,62764718;Moto;Objeto Fijo;Conductor;Masculino;27;2021;8;2
2021-0068;1;15/08/2021;Mañana;Avenida;11;-58,52161176;-34,61164474;Moto;Objeto Fijo;Conductor;Masculino;39;2021;8;2
2021-0069;1;20/08/2021;Tarde;Avenida;14;-58,41354692;-34,5869768;Peaton;Auto;Peaton;Masculino;17;2021;8;2
2021-0070;1;28/08/2021;Mañana;Avenida;8;-58,43960781;-34,65470804;Moto;Cargas;Conductor;Masculino;31;2021;8;2
2021-0071;1;31/08/2021;Tarde;Calle;3;-58,4045461;-34,60003693;Peaton;Moto;Peaton;Masculino;88;2021;8;2
2021-0072;1;1/09/2021;Noche;Avenida;2;-58,39303911;-34,59871111;Peaton;Auto;Peaton;Femenino;57;2021;9;2
2021-0073;1;18/09/2021;Tarde;Avenida;2;-58,39391034;-34,58405348;Bicicleta;Auto;Ciclista;Femenino;76;2021;9;2
2021-0074;1;20/09/2021;Tarde;Gral Paz;12;-58,5007381;-34,5497951;Moto;Multiple;Conductor;Masculino;55;2021;9;2
2021-0075;1;21/09/2021;Tarde;Calle;1;-58,38281301;-34,62786038;Peaton;Cargas;Peaton;Masculino;65;2021;9;2
2021-0076;1;16/10/2021;Mañana;Avenida;7;-58,43980799;-34,65094083;Moto;Objeto Fijo;Conductor;Masculino;31;2021;10;2
2021-0077;1;18/10/2021;Mañana;Avenida;6;-58,44402387;-34,62933109;Moto;Cargas;Conductor;Femenino;31;2021;10;2
2021-0078;1;23/10/2021;Mañana;Avenida;6;-58,42779702;-34,62207347;Moto;Pasajeros;Conductor;Masculino;22;2021;10;2
2021-0079;1;25/10/2021;Madrugada;Calle;3;-58,40944147;-34,60097942;Peaton;Auto;Peaton;Masculino;;2021;10;2
2021-0080;1;28/10/2021;Tarde;Avenida;1;-58,38277479;-34,5943016;Moto;Auto;Conductor;Masculino;32;2021;10;2
2021-0081;1;2/11/2021;Tarde;Autopista;4;-58,37627355;-34,63800916;Moto;Cargas;Conductor;Masculino;26;2021;11;2
2021-0082;1;6/11/2021;Madrugada;Autopista;3;-58,39591856;-34,62453459;Moto;Auto;Conductor;Masculino;38;2021;11;2
2021-0083;1;9/11/2021;Madrugada;Avenida;13;-58,45829717;-34,56015762;Moto;Auto;Conductor;Masculino;30;2021;11;2
2021-0084;1;11/11/2021;Madrugada;Avenida;9;-58,49142611;-34,64584795;Auto;Objeto Fijo;Conductor;Masculino;32;2021;11;2
2021-0085;1;20/11/2021;Noche;Gral Paz;12;-58,51271409;-34,57786555;Moto;Objeto Fijo;Conductor;Masculino;53;2021;11;2
2021-0086;1;25/11/2021;Mañana;Avenida;6;-58,44864864;-34,62352826;Peaton;Pasajeros;Peaton;Masculino;49;2021;11;2
2021-0087;1;27/11/2021;Mañana;Calle;1;-58,37795815;-34,59167894;Peaton;Bicicleta;Peaton;Femenino;75;2021;11;2
2021-0088;1;1/12/2021;Tarde;Calle;13;-58,45531707;-34,55555257;Moto;Auto;Conductor;Masculino;73;2021;12;2
2021-0089;1;2/12/2021;Madrugada;Avenida;11;-58,47633683;-34,62140594;Moto;Auto;Conductor;Masculino;45;2021;12;2
2021-0090;1;10/12/2021;Mañana;Avenida;1;-58,38188582;-34,60256036;Peaton;Pasajeros;Peaton;Masculino;41;2021;12;2
2021-0091;1;11/12/2021;Noche;Calle;10;-58,51989389;-34,62284918;Moto;Auto;Conductor;Masculino;73;2021;12;2
2021-0092;1;12/12/2021;Mañana;Avenida;3;-58,4059686;-34,61011987;Peaton;Auto;Peaton;Femenino;24;2021;12;2
2021-0093;1;13/12/2021;Tarde;Avenida;7;-58,43353773;-34,64561636;Moto;Auto;Pasajero_Acompañante;Femenino;50;2021;12;2
2021-0094;1;20/12/2021;Madrugada;Autopista;9;-58,46739825;-34,65117757;Moto;Auto;Pasajero_Acompañante;Femenino;18;2021;12;2
2021-0095;1;30/12/2021;Madrugada;Avenida;11;-58,47293407;-34,61984745;Moto;Cargas;Conductor;Masculino;43;2021;12;2
2021-0096;1;15/12/2021;Mañana;Avenida;9;-58,47066794;-34,65021673;Auto;Cargas;Conductor;Masculino;27;2021;12;2
2021-0097;1;18/11/2021;Mañana;Calle;1;-58,37976155;-34,58679619;Bicicleta;Auto;Ciclista;Masculino;60;2021;11;2
